charger_type,vehicle_model,charging_station_location
DC Fast Charger,Hyundai Kona,Chicago
DC Fast Charger,Tesla Model 3,Chicago
DC Fast Charger,Nissan Leaf,Chicago
DC Fast Charger,Hyundai Kona,Chicago
DC Fast Charger,Hyundai Kona,Chicago
DC Fast Charger,Nissan Leaf,Chicago
DC Fast Charger,Chevy Bolt,Chicago
DC Fast Charger,Chevy Bolt,Chicago
DC Fast Charger,Tesla Model 3,Chicago
DC Fast Charger,BMW i3,Chicago
DC Fast Charger,BMW i3,Chicago
DC Fast Charger,Hyundai Kona,Chicago
DC Fast Charger,Hyundai Kona,Chicago
DC Fast Charger,Tesla Model 3,Chicago
DC Fast Charger,Nissan Leaf,Chicago
DC Fast Charger,Tesla Model 3,Chicago
DC Fast Charger,BMW i3,Chicago
DC Fast Charger,Nissan Leaf,Chicago
DC Fast Charger,Chevy Bolt,Chicago
DC Fast Charger,Chevy Bolt,Chicago
DC Fast Charger,Chevy Bolt,Chicago
DC Fast Charger,Chevy Bolt,Chicago
DC Fast Charger,Hyundai Kona,Chicago
DC Fast Charger,BMW i3,Chicago
DC Fast Charger,BMW i3,Chicago
DC Fast Charger,Hyundai Kona,Chicago
DC Fast Charger,Tesla Model 3,Chicago
DC Fast Charger,Hyundai Kona,Chicago
DC Fast Charger,Tesla Model 3,Chicago
DC Fast Charger,Tesla Model 3,Chicago
DC Fast Charger,Nissan Leaf,Chicago
DC Fast Charger,Tesla Model 3,Chicago
DC Fast Charger,Nissan Leaf,Chicago
DC Fast Charger,Tesla Model 3,Chicago
DC Fast Charger,Hyundai Kona,Chicago
DC Fast Charger,Hyundai Kona,Chicago
DC Fast Charger,BMW i3,Chicago
DC Fast Charger,Chevy Bolt,Chicago
DC Fast Charger,Nissan Leaf,Chicago
DC Fast Charger,BMW i3,Chicago
DC Fast Charger,Tesla Model 3,Chicago
DC Fast Charger,BMW i3,Chicago
DC Fast Charger,Tesla Model 3,Chicago
DC Fast Charger,Nissan Leaf,Chicago
DC Fast Charger,Hyundai Kona,Chicago
DC Fast Charger,Chevy Bolt,Chicago
DC Fast Charger,Hyundai Kona,Chicago
DC Fast Charger,Chevy Bolt,Chicago
DC Fast Charger,Chevy Bolt,Chicago
DC Fast Charger,BMW i3,Chicago
DC Fast Charger,Nissan Leaf,Chicago
DC Fast Charger,Tesla Model 3,Chicago
DC Fast Charger,Tesla Model 3,Chicago
DC Fast Charger,Chevy Bolt,Chicago
DC Fast Charger,Hyundai Kona,Chicago
DC Fast Charger,BMW i3,Chicago
DC Fast Charger,Tesla Model 3,Chicago
DC Fast Charger,Hyundai Kona,Chicago
DC Fast Charger,BMW i3,Chicago
DC Fast Charger,BMW i3,Chicago
DC Fast Charger,Tesla Model 3,Chicago
DC Fast Charger,Tesla Model 3,Chicago
DC Fast Charger,Tesla Model 3,Chicago
DC Fast Charger,Chevy Bolt,Chicago
DC Fast Charger,Chevy Bolt,Chicago
DC Fast Charger,Chevy Bolt,Chicago
DC Fast Charger,BMW i3,Chicago
DC Fast Charger,Chevy Bolt,Chicago
DC Fast Charger,Tesla Model 3,Chicago
DC Fast Charger,Hyundai Kona,Chicago
DC Fast Charger,Tesla Model 3,Chicago
DC Fast Charger,Chevy Bolt,Chicago
DC Fast Charger,Chevy Bolt,Chicago
DC Fast Charger,Hyundai Kona,Chicago
DC Fast Charger,Tesla Model 3,Chicago
DC Fast Charger,Hyundai Kona,Chicago
DC Fast Charger,BMW i3,Chicago
DC Fast Charger,Hyundai Kona,Chicago
DC Fast Charger,Hyundai Kona,Chicago
DC Fast Charger,BMW i3,Chicago
DC Fast Charger,Chevy Bolt,Chicago
DC Fast Charger,Tesla Model 3,Chicago
DC Fast Charger,BMW i3,Houston
DC Fast Charger,Chevy Bolt,Houston
DC Fast Charger,Chevy Bolt,Houston
DC Fast Charger,Nissan Leaf,Houston
DC Fast Charger,Hyundai Kona,Houston
DC Fast Charger,BMW i3,Houston
DC Fast Charger,Chevy Bolt,Houston
DC Fast Charger,Hyundai Kona,Houston
DC Fast Charger,Nissan Leaf,Houston
DC Fast Charger,BMW i3,Houston
DC Fast Charger,Hyundai Kona,Houston
DC Fast Charger,Nissan Leaf,Houston
DC Fast Charger,Tesla Model 3,Houston
DC Fast Charger,BMW i3,Houston
DC Fast Charger,Chevy Bolt,Houston
DC Fast Charger,Tesla Model 3,Houston
DC Fast Charger,Hyundai Kona,Houston
DC Fast Charger,Nissan Leaf,Houston
DC Fast Charger,BMW i3,Houston
DC Fast Charger,BMW i3,Houston
DC Fast Charger,BMW i3,Houston
DC Fast Charger,Tesla Model 3,Houston
DC Fast Charger,BMW i3,Houston
DC Fast Charger,Tesla Model 3,Houston
DC Fast Charger,Tesla Model 3,Houston
DC Fast Charger,Hyundai Kona,Houston
DC Fast Charger,Nissan Leaf,Houston
DC Fast Charger,BMW i3,Houston
DC Fast Charger,Nissan Leaf,Houston
DC Fast Charger,BMW i3,Houston
DC Fast Charger,Hyundai Kona,Houston
DC Fast Charger,Nissan Leaf,Houston
DC Fast Charger,Nissan Leaf,Houston
DC Fast Charger,Nissan Leaf,Houston
DC Fast Charger,Nissan Leaf,Houston
DC Fast Charger,Tesla Model 3,Houston
DC Fast Charger,Chevy Bolt,Houston
DC Fast Charger,Tesla Model 3,Houston
DC Fast Charger,Nissan Leaf,Houston
DC Fast Charger,Chevy Bolt,Houston
DC Fast Charger,Chevy Bolt,Houston
DC Fast Charger,BMW i3,Houston
DC Fast Charger,Hyundai Kona,Houston
DC Fast Charger,Chevy Bolt,Houston
DC Fast Charger,Chevy Bolt,Houston
DC Fast Charger,Nissan Leaf,Houston
DC Fast Charger,BMW i3,Houston
DC Fast Charger,Nissan Leaf,Houston
DC Fast Charger,BMW i3,Houston
DC Fast Charger,Hyundai Kona,Houston
DC Fast Charger,Hyundai Kona,Houston
DC Fast Charger,Chevy Bolt,Houston
DC Fast Charger,Nissan Leaf,Houston
DC Fast Charger,Hyundai Kona,Houston
DC Fast Charger,Tesla Model 3,Houston
DC Fast Charger,Tesla Model 3,Houston
DC Fast Charger,Chevy Bolt,Houston
DC Fast Charger,Nissan Leaf,Houston
DC Fast Charger,Nissan Leaf,Houston
DC Fast Charger,BMW i3,Houston
DC Fast Charger,Chevy Bolt,Houston
DC Fast Charger,Hyundai Kona,Houston
DC Fast Charger,Nissan Leaf,Houston
DC Fast Charger,Hyundai Kona,Houston
DC Fast Charger,Nissan Leaf,Houston
DC Fast Charger,Tesla Model 3,Houston
DC Fast Charger,Tesla Model 3,Houston
DC Fast Charger,BMW i3,Houston
DC Fast Charger,Tesla Model 3,Houston
DC Fast Charger,Nissan Leaf,Houston
DC Fast Charger,Tesla Model 3,Houston
DC Fast Charger,Nissan Leaf,Houston
DC Fast Charger,Nissan Leaf,Houston
DC Fast Charger,Tesla Model 3,Houston
DC Fast Charger,Hyundai Kona,Houston
DC Fast Charger,Hyundai Kona,Houston
DC Fast Charger,Nissan Leaf,Houston
DC Fast Charger,Hyundai Kona,Houston
DC Fast Charger,Chevy Bolt,Houston
DC Fast Charger,Tesla Model 3,Houston
DC Fast Charger,BMW i3,Houston
DC Fast Charger,Chevy Bolt,Houston
DC Fast Charger,Chevy Bolt,Houston
DC Fast Charger,Chevy Bolt,Houston
DC Fast Charger,Nissan Leaf,Houston
DC Fast Charger,BMW i3,Houston
DC Fast Charger,Hyundai Kona,Houston
DC Fast Charger,Nissan Leaf,Houston
DC Fast Charger,BMW i3,Houston
DC Fast Charger,Hyundai Kona,Houston
DC Fast Charger,Hyundai Kona,Houston
DC Fast Charger,Tesla Model 3,Houston
DC Fast Charger,Hyundai Kona,Houston
DC Fast Charger,Chevy Bolt,Houston
DC Fast Charger,Hyundai Kona,Houston
DC Fast Charger,Tesla Model 3,Houston
DC Fast Charger,Nissan Leaf,Houston
DC Fast Charger,Hyundai Kona,Houston
DC Fast Charger,BMW i3,Los Angeles
DC Fast Charger,Hyundai Kona,Los Angeles
DC Fast Charger,Nissan Leaf,Los Angeles
DC Fast Charger,Hyundai Kona,Los Angeles
DC Fast Charger,BMW i3,Los Angeles
DC Fast Charger,Tesla Model 3,Los Angeles
DC Fast Charger,BMW i3,Los Angeles
DC Fast Charger,Hyundai Kona,Los Angeles
DC Fast Charger,Chevy Bolt,Los Angeles
DC Fast Charger,Nissan Leaf,Los Angeles
DC Fast Charger,Chevy Bolt,Los Angeles
DC Fast Charger,Nissan Leaf,Los Angeles
DC Fast Charger,Tesla Model 3,Los Angeles
DC Fast Charger,Nissan Leaf,Los Angeles
DC Fast Charger,Nissan Leaf,Los Angeles
DC Fast Charger,Nissan Leaf,Los Angeles
DC Fast Charger,Chevy Bolt,Los Angeles
DC Fast Charger,Chevy Bolt,Los Angeles
DC Fast Charger,Tesla Model 3,Los Angeles
DC Fast Charger,Nissan Leaf,Los Angeles
DC Fast Charger,Chevy Bolt,Los Angeles
DC Fast Charger,Hyundai Kona,Los Angeles
DC Fast Charger,Tesla Model 3,Los Angeles
DC Fast Charger,Hyundai Kona,Los Angeles
DC Fast Charger,Nissan Leaf,Los Angeles
DC Fast Charger,Hyundai Kona,Los Angeles
DC Fast Charger,Hyundai Kona,Los Angeles
DC Fast Charger,Tesla Model 3,Los Angeles
DC Fast Charger,Chevy Bolt,Los Angeles
DC Fast Charger,Hyundai Kona,Los Angeles
DC Fast Charger,Tesla Model 3,Los Angeles
DC Fast Charger,Nissan Leaf,Los Angeles
DC Fast Charger,Tesla Model 3,Los Angeles
DC Fast Charger,Hyundai Kona,Los Angeles
DC Fast Charger,BMW i3,Los Angeles
DC Fast Charger,BMW i3,Los Angeles
DC Fast Charger,BMW i3,Los Angeles
DC Fast Charger,Chevy Bolt,Los Angeles
DC Fast Charger,Tesla Model 3,Los Angeles
DC Fast Charger,Hyundai Kona,Los Angeles
DC Fast Charger,Hyundai Kona,Los Angeles
DC Fast Charger,Nissan Leaf,Los Angeles
DC Fast Charger,Nissan Leaf,Los Angeles
DC Fast Charger,Nissan Leaf,Los Angeles
DC Fast Charger,Hyundai Kona,Los Angeles
DC Fast Charger,Chevy Bolt,Los Angeles
DC Fast Charger,Tesla Model 3,Los Angeles
DC Fast Charger,Tesla Model 3,Los Angeles
DC Fast Charger,Hyundai Kona,Los Angeles
DC Fast Charger,Nissan Leaf,Los Angeles
DC Fast Charger,Nissan Leaf,Los Angeles
DC Fast Charger,Nissan Leaf,Los Angeles
DC Fast Charger,Hyundai Kona,Los Angeles
DC Fast Charger,Nissan Leaf,Los Angeles
DC Fast Charger,Nissan Leaf,Los Angeles
DC Fast Charger,Hyundai Kona,Los Angeles
DC Fast Charger,Tesla Model 3,Los Angeles
DC Fast Charger,Tesla Model 3,Los Angeles
DC Fast Charger,Nissan Leaf,Los Angeles
DC Fast Charger,Hyundai Kona,Los Angeles
DC Fast Charger,Chevy Bolt,Los Angeles
DC Fast Charger,Chevy Bolt,Los Angeles
DC Fast Charger,Hyundai Kona,Los Angeles
DC Fast Charger,Hyundai Kona,Los Angeles
DC Fast Charger,Nissan Leaf,Los Angeles
DC Fast Charger,Chevy Bolt,Los Angeles
DC Fast Charger,Nissan Leaf,Los Angeles
DC Fast Charger,Chevy Bolt,Los Angeles
DC Fast Charger,Chevy Bolt,Los Angeles
DC Fast Charger,BMW i3,Los Angeles
DC Fast Charger,Nissan Leaf,Los Angeles
DC Fast Charger,Chevy Bolt,Los Angeles
DC Fast Charger,Hyundai Kona,Los Angeles
DC Fast Charger,Hyundai Kona,Los Angeles
DC Fast Charger,Hyundai Kona,Los Angeles
DC Fast Charger,Tesla Model 3,Los Angeles
DC Fast Charger,Chevy Bolt,Los Angeles
DC Fast Charger,BMW i3,Los Angeles
DC Fast Charger,Hyundai Kona,Los Angeles
DC Fast Charger,BMW i3,Los Angeles
DC Fast Charger,Tesla Model 3,Los Angeles
DC Fast Charger,Chevy Bolt,Los Angeles
DC Fast Charger,Nissan Leaf,Los Angeles
DC Fast Charger,Chevy Bolt,Los Angeles
DC Fast Charger,Nissan Leaf,Los Angeles
DC Fast Charger,BMW i3,New York
DC Fast Charger,Nissan Leaf,New York
DC Fast Charger,Hyundai Kona,New York
DC Fast Charger,Nissan Leaf,New York
DC Fast Charger,Chevy Bolt,New York
DC Fast Charger,Hyundai Kona,New York
DC Fast Charger,Tesla Model 3,New York
DC Fast Charger,Tesla Model 3,New York
DC Fast Charger,Tesla Model 3,New York
DC Fast Charger,BMW i3,New York
DC Fast Charger,BMW i3,New York
DC Fast Charger,BMW i3,New York
DC Fast Charger,Nissan Leaf,New York
DC Fast Charger,Hyundai Kona,New York
DC Fast Charger,Tesla Model 3,New York
DC Fast Charger,Chevy Bolt,New York
DC Fast Charger,Hyundai Kona,New York
DC Fast Charger,Nissan Leaf,New York
DC Fast Charger,BMW i3,New York
DC Fast Charger,Nissan Leaf,New York
DC Fast Charger,Chevy Bolt,New York
DC Fast Charger,Nissan Leaf,New York
DC Fast Charger,BMW i3,New York
DC Fast Charger,Tesla Model 3,New York
DC Fast Charger,Hyundai Kona,New York
DC Fast Charger,Hyundai Kona,New York
DC Fast Charger,BMW i3,New York
DC Fast Charger,Chevy Bolt,New York
DC Fast Charger,Hyundai Kona,New York
DC Fast Charger,Hyundai Kona,New York
DC Fast Charger,Tesla Model 3,New York
DC Fast Charger,Nissan Leaf,New York
DC Fast Charger,Chevy Bolt,New York
DC Fast Charger,Tesla Model 3,New York
DC Fast Charger,Chevy Bolt,New York
DC Fast Charger,Nissan Leaf,New York
DC Fast Charger,Chevy Bolt,New York
DC Fast Charger,Hyundai Kona,New York
DC Fast Charger,Nissan Leaf,New York
DC Fast Charger,Tesla Model 3,New York
DC Fast Charger,BMW i3,New York
DC Fast Charger,Hyundai Kona,New York
DC Fast Charger,Chevy Bolt,New York
DC Fast Charger,Chevy Bolt,New York
DC Fast Charger,Tesla Model 3,New York
DC Fast Charger,Chevy Bolt,New York
DC Fast Charger,Chevy Bolt,New York
DC Fast Charger,Hyundai Kona,New York
DC Fast Charger,Nissan Leaf,New York
DC Fast Charger,Tesla Model 3,New York
DC Fast Charger,Hyundai Kona,New York
DC Fast Charger,Hyundai Kona,New York
DC Fast Charger,Chevy Bolt,New York
DC Fast Charger,Nissan Leaf,New York
DC Fast Charger,Chevy Bolt,New York
DC Fast Charger,Nissan Leaf,New York
DC Fast Charger,BMW i3,New York
DC Fast Charger,Chevy Bolt,New York
DC Fast Charger,Tesla Model 3,New York
DC Fast Charger,Chevy Bolt,New York
DC Fast Charger,Tesla Model 3,New York
DC Fast Charger,BMW i3,New York
DC Fast Charger,Tesla Model 3,New York
DC Fast Charger,Tesla Model 3,New York
DC Fast Charger,BMW i3,New York
DC Fast Charger,Nissan Leaf,New York
DC Fast Charger,BMW i3,New York
DC Fast Charger,Hyundai Kona,New York
DC Fast Charger,Tesla Model 3,New York
DC Fast Charger,Hyundai Kona,New York
DC Fast Charger,BMW i3,New York
DC Fast Charger,Nissan Leaf,New York
DC Fast Charger,Tesla Model 3,New York
DC Fast Charger,Nissan Leaf,New York
DC Fast Charger,Hyundai Kona,New York
DC Fast Charger,Hyundai Kona,New York
DC Fast Charger,Tesla Model 3,New York
DC Fast Charger,Nissan Leaf,New York
DC Fast Charger,Chevy Bolt,New York
DC Fast Charger,Tesla Model 3,New York
DC Fast Charger,Tesla Model 3,New York
DC Fast Charger,BMW i3,New York
DC Fast Charger,Nissan Leaf,New York
DC Fast Charger,BMW i3,San Francisco
DC Fast Charger,Hyundai Kona,San Francisco
DC Fast Charger,Hyundai Kona,San Francisco
DC Fast Charger,Hyundai Kona,San Francisco
DC Fast Charger,Nissan Leaf,San Francisco
DC Fast Charger,Chevy Bolt,San Francisco
DC Fast Charger,Chevy Bolt,San Francisco
DC Fast Charger,Hyundai Kona,San Francisco
DC Fast Charger,Nissan Leaf,San Francisco
DC Fast Charger,Nissan Leaf,San Francisco
DC Fast Charger,Chevy Bolt,San Francisco
DC Fast Charger,Tesla Model 3,San Francisco
DC Fast Charger,Tesla Model 3,San Francisco
DC Fast Charger,Nissan Leaf,San Francisco
DC Fast Charger,Hyundai Kona,San Francisco
DC Fast Charger,BMW i3,San Francisco
DC Fast Charger,Tesla Model 3,San Francisco
DC Fast Charger,Nissan Leaf,San Francisco
DC Fast Charger,Nissan Leaf,San Francisco
DC Fast Charger,Chevy Bolt,San Francisco
DC Fast Charger,Tesla Model 3,San Francisco
DC Fast Charger,BMW i3,San Francisco
DC Fast Charger,Hyundai Kona,San Francisco
DC Fast Charger,BMW i3,San Francisco
DC Fast Charger,Nissan Leaf,San Francisco
DC Fast Charger,Chevy Bolt,San Francisco
DC Fast Charger,Hyundai Kona,San Francisco
DC Fast Charger,Nissan Leaf,San Francisco
DC Fast Charger,BMW i3,San Francisco
DC Fast Charger,Hyundai Kona,San Francisco
DC Fast Charger,Nissan Leaf,San Francisco
DC Fast Charger,Chevy Bolt,San Francisco
DC Fast Charger,BMW i3,San Francisco
DC Fast Charger,BMW i3,San Francisco
DC Fast Charger,Chevy Bolt,San Francisco
DC Fast Charger,BMW i3,San Francisco
DC Fast Charger,Tesla Model 3,San Francisco
DC Fast Charger,BMW i3,San Francisco
DC Fast Charger,Tesla Model 3,San Francisco
DC Fast Charger,Nissan Leaf,San Francisco
DC Fast Charger,Nissan Leaf,San Francisco
DC Fast Charger,BMW i3,San Francisco
DC Fast Charger,Chevy Bolt,San Francisco
DC Fast Charger,Tesla Model 3,San Francisco
DC Fast Charger,Hyundai Kona,San Francisco
DC Fast Charger,BMW i3,San Francisco
DC Fast Charger,Tesla Model 3,San Francisco
DC Fast Charger,BMW i3,San Francisco
DC Fast Charger,Chevy Bolt,San Francisco
DC Fast Charger,Tesla Model 3,San Francisco
DC Fast Charger,Nissan Leaf,San Francisco
DC Fast Charger,Hyundai Kona,San Francisco
DC Fast Charger,BMW i3,San Francisco
DC Fast Charger,Tesla Model 3,San Francisco
DC Fast Charger,BMW i3,San Francisco
DC Fast Charger,Nissan Leaf,San Francisco
DC Fast Charger,Tesla Model 3,San Francisco
DC Fast Charger,Hyundai Kona,San Francisco
DC Fast Charger,BMW i3,San Francisco
DC Fast Charger,Tesla Model 3,San Francisco
DC Fast Charger,Chevy Bolt,San Francisco
DC Fast Charger,BMW i3,San Francisco
DC Fast Charger,BMW i3,San Francisco
DC Fast Charger,BMW i3,San Francisco
DC Fast Charger,Hyundai Kona,San Francisco
DC Fast Charger,Tesla Model 3,San Francisco
DC Fast Charger,Tesla Model 3,San Francisco
DC Fast Charger,Nissan Leaf,San Francisco
DC Fast Charger,Nissan Leaf,San Francisco
DC Fast Charger,Nissan Leaf,San Francisco
DC Fast Charger,BMW i3,San Francisco
DC Fast Charger,BMW i3,San Francisco
DC Fast Charger,Tesla Model 3,San Francisco
DC Fast Charger,Chevy Bolt,San Francisco
DC Fast Charger,Hyundai Kona,San Francisco
DC Fast Charger,Tesla Model 3,San Francisco
DC Fast Charger,Tesla Model 3,San Francisco
DC Fast Charger,Hyundai Kona,San Francisco
DC Fast Charger,Tesla Model 3,San Francisco
DC Fast Charger,Chevy Bolt,San Francisco
DC Fast Charger,Nissan Leaf,San Francisco
DC Fast Charger,BMW i3,San Francisco
