User ID,Vehicle Model,Charging Station Location,Vehicle Age (years),Charger Type,User Type
User_1,BMW i3,Houston,2,DC Fast Charger,Commuter
User_2,Hyundai Kona,San Francisco,3,Level 1,Casual Driver
User_3,Chevy Bolt,San Francisco,2,Level 2,Commuter
User_4,Hyundai Kona,Houston,1,Level 1,Long-Distance Traveler
User_5,Hyundai Kona,Los Angeles,1,Level 1,Long-Distance Traveler
User_6,Nissan Leaf,San Francisco,0,DC Fast Charger,Long-Distance Traveler
User_7,Chevy Bolt,Houston,4,Level 2,Commuter
User_8,Chevy Bolt,Los Angeles,0,Level 2,Long-Distance Traveler
User_9,Chevy Bolt,Los Angeles,4,Level 1,Commuter
User_10,Hyundai Kona,Chicago,2.830381307,DC Fast Charger,Commuter
User_11,BMW i3,Los Angeles,3,DC Fast Charger,Casual Driver
User_12,Chevy Bolt,San Francisco,0,DC Fast Charger,Long-Distance Traveler
User_13,Hyundai Kona,San Francisco,0,Level 2,Casual Driver
User_14,Nissan Leaf,Houston,7,Level 2,Commuter
User_15,BMW i3,Houston,4,Level 1,Casual Driver
User_16,Nissan Leaf,Los Angeles,1.535234088,DC Fast Charger,Long-Distance Traveler
User_17,BMW i3,New York,7,DC Fast Charger,Commuter
User_18,Hyundai Kona,Chicago,6,Level 2,Casual Driver
User_19,Tesla Model 3,New York,0,Level 1,Long-Distance Traveler
User_20,BMW i3,Los Angeles,3,Level 2,Long-Distance Traveler
User_21,Nissan Leaf,Los Angeles,3,Level 2,Casual Driver
User_22,Hyundai Kona,New York,5,Level 1,Commuter
User_23,BMW i3,Chicago,4.257936703,DC Fast Charger,Long-Distance Traveler
User_24,Tesla Model 3,New York,5,DC Fast Charger,Commuter
User_25,Tesla Model 3,Houston,4,Level 1,Long-Distance Traveler
User_26,Chevy Bolt,San Francisco,1,DC Fast Charger,Commuter
User_27,Chevy Bolt,Houston,0.361215166,Level 1,Commuter
User_28,Nissan Leaf,San Francisco,0,Level 1,Long-Distance Traveler
User_29,BMW i3,Los Angeles,3,Level 2,Casual Driver
User_30,BMW i3,Chicago,0,DC Fast Charger,Casual Driver
User_31,Chevy Bolt,New York,2,DC Fast Charger,Casual Driver
User_32,BMW i3,Chicago,6,Level 1,Commuter
User_33,BMW i3,New York,1,Level 2,Casual Driver
User_34,Tesla Model 3,Houston,1,Level 2,Casual Driver
User_35,Chevy Bolt,Houston,1.809172868,DC Fast Charger,Long-Distance Traveler
User_36,Hyundai Kona,New York,4,Level 1,Commuter
User_37,Chevy Bolt,Chicago,1,DC Fast Charger,Casual Driver
User_38,Hyundai Kona,New York,6,DC Fast Charger,Long-Distance Traveler
User_39,Tesla Model 3,Los Angeles,7,Level 2,Commuter
User_40,Nissan Leaf,Houston,2,Level 2,Long-Distance Traveler
User_41,BMW i3,Los Angeles,1.969232722,Level 2,Casual Driver
User_42,Tesla Model 3,Houston,2.941663235,Level 2,Commuter
User_43,BMW i3,Houston,4,Level 1,Commuter
User_44,Nissan Leaf,San Francisco,1,DC Fast Charger,Casual Driver
User_45,Nissan Leaf,Los Angeles,3.680052856,Level 2,Long-Distance Traveler
User_46,Tesla Model 3,Los Angeles,1,DC Fast Charger,Commuter
User_47,Nissan Leaf,San Francisco,5,Level 1,Commuter
User_48,Hyundai Kona,Chicago,0,Level 2,Commuter
User_49,Nissan Leaf,Los Angeles,1,Level 1,Casual Driver
User_50,BMW i3,New York,6,Level 2,Long-Distance Traveler
User_51,BMW i3,San Francisco,2.616332483,DC Fast Charger,Casual Driver
User_52,BMW i3,Los Angeles,3,Level 1,Commuter
User_53,BMW i3,Chicago,0,Level 2,Long-Distance Traveler
User_54,Hyundai Kona,Los Angeles,5,DC Fast Charger,Long-Distance Traveler
User_55,Chevy Bolt,Houston,4,DC Fast Charger,Casual Driver
User_56,Tesla Model 3,New York,0,DC Fast Charger,Casual Driver
User_57,BMW i3,San Francisco,2,Level 2,Commuter
User_58,Nissan Leaf,Houston,3,DC Fast Charger,Casual Driver
User_59,BMW i3,Chicago,7,DC Fast Charger,Casual Driver
User_60,Nissan Leaf,Houston,5,Level 2,Casual Driver
User_61,Nissan Leaf,Houston,7,Level 1,Casual Driver
User_62,BMW i3,Chicago,7,DC Fast Charger,Casual Driver
User_63,Hyundai Kona,Houston,1,Level 2,Commuter
User_64,Nissan Leaf,San Francisco,0,Level 1,Long-Distance Traveler
User_65,Nissan Leaf,Los Angeles,2.591851328,DC Fast Charger,Casual Driver
User_66,BMW i3,Houston,7,Level 2,Long-Distance Traveler
User_67,Nissan Leaf,San Francisco,2,Level 2,Long-Distance Traveler
User_68,Nissan Leaf,Los Angeles,6,DC Fast Charger,Casual Driver
User_69,BMW i3,Los Angeles,7,Level 1,Casual Driver
User_70,BMW i3,Houston,4.122767457,Level 1,Long-Distance Traveler
User_71,Tesla Model 3,San Francisco,2.771346484,Level 1,Commuter
User_72,Hyundai Kona,Houston,1,DC Fast Charger,Long-Distance Traveler
User_73,Hyundai Kona,Chicago,3,DC Fast Charger,Commuter
User_74,Nissan Leaf,Los Angeles,2,Level 1,Long-Distance Traveler
User_75,Hyundai Kona,Houston,4,Level 1,Casual Driver
User_76,Nissan Leaf,Los Angeles,4,Level 1,Commuter
User_77,Tesla Model 3,San Francisco,0,Level 1,Long-Distance Traveler
User_78,BMW i3,New York,3,Level 2,Commuter
User_79,BMW i3,Houston,1,DC Fast Charger,Casual Driver
User_80,BMW i3,Houston,0,Level 1,Commuter
User_81,Hyundai Kona,Los Angeles,7,Level 2,Casual Driver
User_82,Tesla Model 3,San Francisco,6,Level 1,Casual Driver
User_83,Hyundai Kona,Chicago,3,Level 1,Commuter
User_84,Hyundai Kona,San Francisco,1,Level 2,Casual Driver
User_85,Tesla Model 3,Houston,1,Level 1,Casual Driver
User_86,Tesla Model 3,Chicago,3,Level 1,Casual Driver
User_87,Tesla Model 3,San Francisco,3,Level 2,Commuter
User_88,Tesla Model 3,New York,2,Level 2,Casual Driver
User_89,BMW i3,Los Angeles,1,Level 2,Long-Distance Traveler
User_90,Chevy Bolt,San Francisco,7,Level 2,Casual Driver
User_91,Chevy Bolt,San Francisco,0,Level 2,Long-Distance Traveler
User_92,Tesla Model 3,New York,4,Level 1,Commuter
User_93,Chevy Bolt,Houston,6,DC Fast Charger,Long-Distance Traveler
User_94,Chevy Bolt,Los Angeles,3,Level 2,Casual Driver
User_95,Tesla Model 3,San Francisco,7,DC Fast Charger,Casual Driver
User_96,Chevy Bolt,Chicago,5,Level 1,Casual Driver
User_97,Hyundai Kona,San Francisco,0,Level 2,Casual Driver
User_98,Nissan Leaf,Los Angeles,7,DC Fast Charger,Casual Driver
User_99,Nissan Leaf,San Francisco,0.925276661,DC Fast Charger,Casual Driver
User_100,Tesla Model 3,New York,7,DC Fast Charger,Commuter
User_101,BMW i3,San Francisco,3,DC Fast Charger,Casual Driver
User_102,Tesla Model 3,San Francisco,0,DC Fast Charger,Long-Distance Traveler
User_103,BMW i3,Chicago,4,Level 2,Long-Distance Traveler
User_104,Nissan Leaf,New York,1,Level 2,Long-Distance Traveler
User_105,Tesla Model 3,New York,6,Level 2,Commuter
User_106,Hyundai Kona,San Francisco,6,DC Fast Charger,Long-Distance Traveler
User_107,Chevy Bolt,Chicago,6,DC Fast Charger,Long-Distance Traveler
User_108,BMW i3,San Francisco,6,Level 1,Long-Distance Traveler
User_109,Chevy Bolt,San Francisco,3,DC Fast Charger,Commuter
User_110,Chevy Bolt,Los Angeles,5,Level 1,Long-Distance Traveler
User_111,Tesla Model 3,Los Angeles,5,Level 1,Long-Distance Traveler
User_112,Chevy Bolt,Chicago,5,Level 2,Commuter
User_113,Hyundai Kona,Houston,1,DC Fast Charger,Casual Driver
User_114,Chevy Bolt,Los Angeles,5,DC Fast Charger,Long-Distance Traveler
User_115,Tesla Model 3,Houston,5,Level 1,Casual Driver
User_116,Hyundai Kona,New York,3,Level 1,Long-Distance Traveler
User_117,Nissan Leaf,Los Angeles,7,DC Fast Charger,Commuter
User_118,Chevy Bolt,Los Angeles,2,Level 1,Casual Driver
User_119,Tesla Model 3,Chicago,7,DC Fast Charger,Commuter
User_120,Nissan Leaf,Houston,1,DC Fast Charger,Casual Driver
User_121,Nissan Leaf,Los Angeles,6,Level 1,Commuter
User_122,BMW i3,Los Angeles,6,Level 2,Casual Driver
User_123,Hyundai Kona,Chicago,3,DC Fast Charger,Casual Driver
User_124,Chevy Bolt,Chicago,6,Level 1,Casual Driver
User_125,Tesla Model 3,Houston,2,Level 1,Long-Distance Traveler
User_126,BMW i3,New York,1,Level 1,Casual Driver
User_127,Hyundai Kona,New York,1,DC Fast Charger,Casual Driver
User_128,BMW i3,San Francisco,1.750299407,DC Fast Charger,Long-Distance Traveler
User_129,Hyundai Kona,Los Angeles,2,DC Fast Charger,Long-Distance Traveler
User_130,Hyundai Kona,Houston,4,Level 1,Commuter
User_131,Chevy Bolt,Los Angeles,3,Level 2,Commuter
User_132,Hyundai Kona,Houston,7,Level 2,Long-Distance Traveler
User_133,BMW i3,Houston,6,DC Fast Charger,Long-Distance Traveler
User_134,Hyundai Kona,Houston,2.778246566,DC Fast Charger,Long-Distance Traveler
User_135,Chevy Bolt,Los Angeles,7,DC Fast Charger,Long-Distance Traveler
User_136,Chevy Bolt,Chicago,7,Level 2,Long-Distance Traveler
User_137,BMW i3,Los Angeles,6,Level 2,Commuter
User_138,Nissan Leaf,Houston,1,DC Fast Charger,Long-Distance Traveler
User_139,Nissan Leaf,San Francisco,4,Level 1,Long-Distance Traveler
User_140,Hyundai Kona,New York,1,Level 2,Commuter
User_141,Tesla Model 3,Houston,4,DC Fast Charger,Casual Driver
User_142,Hyundai Kona,San Francisco,6,Level 2,Commuter
User_143,BMW i3,Chicago,6,Level 1,Commuter
User_144,BMW i3,Houston,7,Level 1,Long-Distance Traveler
User_145,BMW i3,San Francisco,0,Level 2,Casual Driver
User_146,BMW i3,Houston,6,DC Fast Charger,Commuter
User_147,BMW i3,Los Angeles,7,Level 2,Casual Driver
User_148,Chevy Bolt,San Francisco,1,DC Fast Charger,Commuter
User_149,Nissan Leaf,Los Angeles,5,Level 2,Long-Distance Traveler
User_150,BMW i3,Los Angeles,0,Level 1,Commuter
User_151,Tesla Model 3,San Francisco,4,Level 2,Commuter
User_152,Tesla Model 3,New York,6,DC Fast Charger,Commuter
User_153,Tesla Model 3,San Francisco,3,DC Fast Charger,Casual Driver
User_154,Tesla Model 3,New York,0,Level 1,Casual Driver
User_155,Chevy Bolt,Houston,4,DC Fast Charger,Long-Distance Traveler
User_156,Tesla Model 3,Houston,3,DC Fast Charger,Casual Driver
User_157,BMW i3,San Francisco,3,Level 1,Casual Driver
User_158,Hyundai Kona,Houston,3,DC Fast Charger,Casual Driver
User_159,Tesla Model 3,Chicago,3,DC Fast Charger,Long-Distance Traveler
User_160,Chevy Bolt,Los Angeles,6.644424525,Level 2,Long-Distance Traveler
User_161,Chevy Bolt,Los Angeles,6,Level 2,Long-Distance Traveler
User_162,Tesla Model 3,New York,1.803488242,Level 2,Long-Distance Traveler
User_163,Hyundai Kona,Houston,1,Level 2,Commuter
User_164,Tesla Model 3,New York,1,Level 2,Long-Distance Traveler
User_165,Chevy Bolt,Los Angeles,6,Level 2,Long-Distance Traveler
User_166,Nissan Leaf,Los Angeles,0.674947023,Level 2,Commuter
User_167,BMW i3,Houston,5,Level 1,Commuter
User_168,Chevy Bolt,Chicago,6,Level 2,Casual Driver
User_169,Tesla Model 3,Chicago,4,DC Fast Charger,Casual Driver
User_170,BMW i3,Houston,7,Level 1,Long-Distance Traveler
User_171,Tesla Model 3,Houston,1,Level 2,Casual Driver
User_172,Tesla Model 3,New York,5,Level 2,Commuter
User_173,Nissan Leaf,Houston,7,DC Fast Charger,Casual Driver
User_174,BMW i3,Chicago,2,Level 1,Casual Driver
User_175,BMW i3,Houston,5,DC Fast Charger,Long-Distance Traveler
User_176,Nissan Leaf,New York,2,DC Fast Charger,Commuter
User_177,Chevy Bolt,New York,7.690884188,Level 1,Commuter
User_178,Tesla Model 3,New York,0,DC Fast Charger,Casual Driver
User_179,Hyundai Kona,New York,2,Level 1,Casual Driver
User_180,Tesla Model 3,San Francisco,7,DC Fast Charger,Casual Driver
User_181,Tesla Model 3,Houston,5,Level 1,Long-Distance Traveler
User_182,Chevy Bolt,Los Angeles,6,Level 2,Casual Driver
User_183,Tesla Model 3,Houston,5,Level 1,Casual Driver
User_184,Nissan Leaf,San Francisco,5,DC Fast Charger,Long-Distance Traveler
User_185,Nissan Leaf,New York,6,DC Fast Charger,Commuter
User_186,BMW i3,San Francisco,6,Level 2,Long-Distance Traveler
User_187,Hyundai Kona,Chicago,2,Level 2,Casual Driver
User_188,Tesla Model 3,Chicago,2,Level 2,Casual Driver
User_189,Tesla Model 3,Houston,1,Level 1,Commuter
User_190,Chevy Bolt,Houston,5,Level 1,Long-Distance Traveler
User_191,Nissan Leaf,Los Angeles,0,Level 1,Casual Driver
User_192,Hyundai Kona,Los Angeles,0,Level 1,Commuter
User_193,BMW i3,Chicago,5,Level 1,Casual Driver
User_194,Nissan Leaf,New York,3,DC Fast Charger,Commuter
User_195,BMW i3,San Francisco,7,DC Fast Charger,Casual Driver
User_196,Chevy Bolt,Los Angeles,6,DC Fast Charger,Casual Driver
User_197,Chevy Bolt,Los Angeles,0,Level 1,Commuter
User_198,Tesla Model 3,New York,3,Level 2,Commuter
User_199,Hyundai Kona,New York,3,DC Fast Charger,Casual Driver
User_200,BMW i3,Houston,1,DC Fast Charger,Commuter
User_201,Nissan Leaf,San Francisco,4,Level 1,Casual Driver
User_202,Chevy Bolt,New York,6.455612284,Level 1,Casual Driver
User_203,Tesla Model 3,Los Angeles,2,Level 1,Long-Distance Traveler
User_204,Tesla Model 3,Los Angeles,0,DC Fast Charger,Casual Driver
User_205,BMW i3,Chicago,2.007640589,Level 2,Casual Driver
User_206,Chevy Bolt,New York,3.281116643,Level 1,Commuter
User_207,Hyundai Kona,Houston,7,Level 1,Long-Distance Traveler
User_208,Chevy Bolt,San Francisco,6,Level 2,Commuter
User_209,BMW i3,Houston,6,Level 2,Commuter
User_210,BMW i3,Los Angeles,1,Level 2,Casual Driver
User_211,Chevy Bolt,Houston,5,Level 1,Casual Driver
User_212,BMW i3,Los Angeles,2,Level 1,Casual Driver
User_213,Chevy Bolt,Los Angeles,7,DC Fast Charger,Commuter
User_214,Nissan Leaf,Los Angeles,2,DC Fast Charger,Commuter
User_215,Chevy Bolt,Los Angeles,1.888037483,DC Fast Charger,Casual Driver
User_216,Chevy Bolt,Los Angeles,7,DC Fast Charger,Commuter
User_217,BMW i3,Chicago,5,DC Fast Charger,Long-Distance Traveler
User_218,BMW i3,Houston,6,DC Fast Charger,Long-Distance Traveler
User_219,Tesla Model 3,Chicago,3,Level 1,Long-Distance Traveler
User_220,Tesla Model 3,Chicago,4,DC Fast Charger,Commuter
User_221,Nissan Leaf,New York,7,Level 1,Long-Distance Traveler
User_222,Tesla Model 3,New York,4,Level 1,Casual Driver
User_223,Chevy Bolt,New York,4,Level 2,Casual Driver
User_224,BMW i3,San Francisco,0,Level 1,Casual Driver
User_225,Tesla Model 3,New York,3,Level 1,Long-Distance Traveler
User_226,Tesla Model 3,Houston,7,Level 1,Long-Distance Traveler
User_227,Nissan Leaf,Chicago,4,Level 2,Commuter
User_228,Nissan Leaf,Houston,7,Level 1,Casual Driver
User_229,Chevy Bolt,New York,5,Level 2,Commuter
User_230,BMW i3,San Francisco,0,DC Fast Charger,Long-Distance Traveler
User_231,Nissan Leaf,San Francisco,0,Level 1,Commuter
User_232,Tesla Model 3,Chicago,0,DC Fast Charger,Casual Driver
User_233,BMW i3,Houston,0,Level 1,Commuter
User_234,BMW i3,Los Angeles,5,Level 2,Commuter
User_235,Tesla Model 3,Houston,3,DC Fast Charger,Long-Distance Traveler
User_236,Nissan Leaf,New York,3,Level 1,Long-Distance Traveler
User_237,Tesla Model 3,Los Angeles,0,Level 1,Long-Distance Traveler
User_238,BMW i3,San Francisco,2,Level 2,Long-Distance Traveler
User_239,Hyundai Kona,Chicago,6,Level 1,Casual Driver
User_240,Hyundai Kona,Chicago,6,DC Fast Charger,Casual Driver
User_241,Chevy Bolt,San Francisco,5,Level 2,Commuter
User_242,Tesla Model 3,New York,1,DC Fast Charger,Casual Driver
User_243,Tesla Model 3,San Francisco,3,DC Fast Charger,Commuter
User_244,Chevy Bolt,New York,3.969244032,Level 1,Long-Distance Traveler
User_245,Chevy Bolt,Los Angeles,2,Level 1,Commuter
User_246,Chevy Bolt,San Francisco,7,Level 2,Commuter
User_247,BMW i3,New York,6,Level 2,Casual Driver
User_248,Tesla Model 3,Los Angeles,5,Level 2,Commuter
User_249,BMW i3,San Francisco,2,DC Fast Charger,Casual Driver
User_250,Chevy Bolt,Chicago,6,DC Fast Charger,Commuter
User_251,Tesla Model 3,San Francisco,1,DC Fast Charger,Casual Driver
User_252,BMW i3,Houston,3,DC Fast Charger,Long-Distance Traveler
User_253,BMW i3,San Francisco,3,Level 1,Casual Driver
User_254,Chevy Bolt,Houston,1,Level 2,Long-Distance Traveler
User_255,Tesla Model 3,Los Angeles,3,Level 1,Casual Driver
User_256,Chevy Bolt,San Francisco,0,Level 1,Long-Distance Traveler
User_257,Tesla Model 3,Los Angeles,7,DC Fast Charger,Long-Distance Traveler
User_258,Hyundai Kona,Los Angeles,0,Level 2,Casual Driver
User_259,Nissan Leaf,New York,5,DC Fast Charger,Long-Distance Traveler
User_260,Nissan Leaf,Los Angeles,4,DC Fast Charger,Commuter
User_261,Nissan Leaf,Los Angeles,6,Level 2,Commuter
User_262,Chevy Bolt,San Francisco,7,Level 2,Long-Distance Traveler
User_263,Hyundai Kona,San Francisco,3,Level 1,Long-Distance Traveler
User_264,Tesla Model 3,Chicago,5,DC Fast Charger,Long-Distance Traveler
User_265,BMW i3,New York,7,DC Fast Charger,Casual Driver
User_266,Tesla Model 3,Los Angeles,6,DC Fast Charger,Commuter
User_267,BMW i3,New York,2,Level 2,Long-Distance Traveler
User_268,Tesla Model 3,Houston,7,DC Fast Charger,Long-Distance Traveler
User_269,Hyundai Kona,Los Angeles,7,DC Fast Charger,Casual Driver
User_270,BMW i3,New York,4,DC Fast Charger,Commuter
User_271,Chevy Bolt,Chicago,5,DC Fast Charger,Long-Distance Traveler
User_272,Tesla Model 3,Chicago,4,Level 1,Commuter
User_273,Tesla Model 3,Los Angeles,4,Level 2,Casual Driver
User_274,BMW i3,Houston,5,Level 1,Commuter
User_275,Chevy Bolt,Chicago,3,Level 2,Long-Distance Traveler
User_276,Chevy Bolt,Chicago,4,DC Fast Charger,Long-Distance Traveler
User_277,Hyundai Kona,Houston,3,Level 2,Commuter
User_278,Chevy Bolt,New York,7,Level 1,Casual Driver
User_279,Chevy Bolt,Chicago,5,DC Fast Charger,Casual Driver
User_280,Chevy Bolt,San Francisco,1,Level 1,Casual Driver
User_281,Nissan Leaf,Chicago,7,Level 1,Casual Driver
User_282,Hyundai Kona,New York,6,Level 1,Long-Distance Traveler
User_283,Tesla Model 3,New York,1,Level 2,Commuter
User_284,BMW i3,Los Angeles,0,Level 1,Long-Distance Traveler
User_285,Tesla Model 3,San Francisco,7.51530869,Level 2,Commuter
User_286,Hyundai Kona,New York,0,Level 1,Commuter
User_287,BMW i3,Houston,7,Level 1,Casual Driver
User_288,Hyundai Kona,San Francisco,7,Level 2,Casual Driver
User_289,Chevy Bolt,San Francisco,0,Level 2,Commuter
User_290,BMW i3,Houston,2,Level 1,Commuter
User_291,Chevy Bolt,Chicago,5,Level 1,Commuter
User_292,Tesla Model 3,Houston,2,DC Fast Charger,Long-Distance Traveler
User_293,Tesla Model 3,Houston,1,Level 1,Commuter
User_294,BMW i3,Chicago,3,Level 1,Long-Distance Traveler
User_295,BMW i3,Chicago,3,DC Fast Charger,Commuter
User_296,Hyundai Kona,Chicago,4,Level 1,Casual Driver
User_297,Hyundai Kona,Chicago,0.288408111,Level 1,Commuter
User_298,Chevy Bolt,Chicago,0,Level 2,Commuter
User_299,BMW i3,Houston,5,Level 2,Long-Distance Traveler
User_300,Tesla Model 3,Los Angeles,3,Level 2,Commuter
User_301,Hyundai Kona,Los Angeles,0,Level 1,Long-Distance Traveler
User_302,Hyundai Kona,New York,7,Level 2,Long-Distance Traveler
User_303,Tesla Model 3,Los Angeles,6,Level 1,Casual Driver
User_304,Hyundai Kona,Los Angeles,0,DC Fast Charger,Casual Driver
User_305,Chevy Bolt,Houston,4,Level 2,Casual Driver
User_306,BMW i3,Chicago,7,DC Fast Charger,Casual Driver
User_307,Tesla Model 3,Chicago,2,Level 1,Long-Distance Traveler
User_308,BMW i3,Houston,1.755443935,Level 1,Commuter
User_309,Hyundai Kona,Los Angeles,0,DC Fast Charger,Long-Distance Traveler
User_310,Hyundai Kona,Houston,2,DC Fast Charger,Casual Driver
User_311,Tesla Model 3,New York,1,DC Fast Charger,Commuter
User_312,Chevy Bolt,Chicago,5.685366889,DC Fast Charger,Long-Distance Traveler
User_313,Nissan Leaf,San Francisco,2,Level 2,Commuter
User_314,Tesla Model 3,New York,7,DC Fast Charger,Long-Distance Traveler
User_315,Nissan Leaf,New York,1,Level 2,Commuter
User_316,Nissan Leaf,Houston,1,DC Fast Charger,Commuter
User_317,Chevy Bolt,Los Angeles,7,DC Fast Charger,Casual Driver
User_318,Nissan Leaf,Chicago,6,Level 2,Casual Driver
User_319,Nissan Leaf,San Francisco,2,Level 1,Commuter
User_320,Chevy Bolt,New York,7,Level 1,Commuter
User_321,Nissan Leaf,San Francisco,3,Level 1,Casual Driver
User_322,Nissan Leaf,Los Angeles,6,Level 1,Long-Distance Traveler
User_323,Nissan Leaf,Los Angeles,6,Level 2,Commuter
User_324,Tesla Model 3,San Francisco,6,Level 1,Long-Distance Traveler
User_325,Tesla Model 3,Chicago,3.176061926,Level 2,Casual Driver
User_326,Tesla Model 3,Los Angeles,5,Level 2,Commuter
User_327,Chevy Bolt,San Francisco,1,Level 2,Long-Distance Traveler
User_328,Hyundai Kona,New York,3,Level 2,Casual Driver
User_329,Nissan Leaf,San Francisco,1,Level 2,Commuter
User_330,Nissan Leaf,San Francisco,4,DC Fast Charger,Long-Distance Traveler
User_331,Chevy Bolt,Houston,3,Level 2,Commuter
User_332,Nissan Leaf,Los Angeles,3,Level 1,Long-Distance Traveler
User_333,Tesla Model 3,Chicago,2,Level 2,Long-Distance Traveler
User_334,Hyundai Kona,Chicago,7,Level 1,Commuter
User_335,BMW i3,Houston,3.100169235,Level 2,Casual Driver
User_336,Nissan Leaf,Chicago,7,Level 1,Commuter
User_337,Tesla Model 3,San Francisco,4,Level 2,Casual Driver
User_338,BMW i3,Houston,4,DC Fast Charger,Long-Distance Traveler
User_339,Hyundai Kona,New York,7,Level 1,Long-Distance Traveler
User_340,BMW i3,Los Angeles,7.545586233,Level 1,Long-Distance Traveler
User_341,Tesla Model 3,Los Angeles,1,Level 2,Casual Driver
User_342,BMW i3,Los Angeles,2,Level 1,Long-Distance Traveler
User_343,Chevy Bolt,San Francisco,6,Level 2,Commuter
User_344,BMW i3,New York,0,DC Fast Charger,Long-Distance Traveler
User_345,Nissan Leaf,Houston,2,DC Fast Charger,Casual Driver
User_346,Nissan Leaf,Houston,4,Level 2,Casual Driver
User_347,Chevy Bolt,Los Angeles,7,Level 2,Commuter
User_348,Tesla Model 3,New York,6,DC Fast Charger,Commuter
User_349,Nissan Leaf,New York,5,Level 1,Casual Driver
User_350,Hyundai Kona,New York,0,Level 1,Casual Driver
User_351,Nissan Leaf,Chicago,6,Level 1,Commuter
User_352,Nissan Leaf,Chicago,2,DC Fast Charger,Commuter
User_353,Tesla Model 3,Los Angeles,6,Level 2,Commuter
User_354,BMW i3,New York,3,DC Fast Charger,Commuter
User_355,Nissan Leaf,New York,3,Level 1,Casual Driver
User_356,Chevy Bolt,Houston,0,Level 2,Long-Distance Traveler
User_357,BMW i3,Houston,5,Level 2,Casual Driver
User_358,Hyundai Kona,Los Angeles,1,Level 1,Commuter
User_359,Tesla Model 3,New York,2,Level 2,Casual Driver
User_360,Hyundai Kona,Los Angeles,8.018665733,Level 1,Commuter
User_361,BMW i3,Houston,7,DC Fast Charger,Casual Driver
User_362,BMW i3,Houston,1,Level 2,Commuter
User_363,BMW i3,Chicago,3,Level 1,Commuter
User_364,Hyundai Kona,Los Angeles,10.54723654,Level 1,Casual Driver
User_365,BMW i3,Los Angeles,6,DC Fast Charger,Commuter
User_366,Hyundai Kona,New York,0,Level 2,Long-Distance Traveler
User_367,BMW i3,New York,7,Level 2,Commuter
User_368,Chevy Bolt,Chicago,1,Level 2,Commuter
User_369,BMW i3,San Francisco,4,Level 2,Commuter
User_370,Hyundai Kona,San Francisco,7,DC Fast Charger,Long-Distance Traveler
User_371,Nissan Leaf,San Francisco,4,DC Fast Charger,Casual Driver
User_372,BMW i3,Los Angeles,0,Level 2,Long-Distance Traveler
User_373,Nissan Leaf,Los Angeles,4,Level 1,Long-Distance Traveler
User_374,Chevy Bolt,Houston,3,Level 2,Long-Distance Traveler
User_375,Tesla Model 3,Los Angeles,3,Level 2,Casual Driver
User_376,Chevy Bolt,Los Angeles,3,Level 1,Commuter
User_377,BMW i3,Los Angeles,2,Level 2,Long-Distance Traveler
User_378,Nissan Leaf,Chicago,4,Level 1,Commuter
User_379,Nissan Leaf,Los Angeles,6,DC Fast Charger,Long-Distance Traveler
User_380,Hyundai Kona,New York,5,Level 1,Long-Distance Traveler
User_381,Nissan Leaf,New York,2.53715851,DC Fast Charger,Long-Distance Traveler
User_382,Hyundai Kona,Houston,4,Level 2,Long-Distance Traveler
User_383,Tesla Model 3,Chicago,4,Level 1,Long-Distance Traveler
User_384,BMW i3,New York,1,Level 1,Long-Distance Traveler
User_385,Hyundai Kona,Chicago,7,Level 2,Casual Driver
User_386,Tesla Model 3,Chicago,1.502868788,DC Fast Charger,Commuter
User_387,Nissan Leaf,Houston,2.817901717,Level 1,Commuter
User_388,Nissan Leaf,Chicago,2,Level 1,Casual Driver
User_389,Tesla Model 3,Los Angeles,4,Level 2,Long-Distance Traveler
User_390,Nissan Leaf,Chicago,2,DC Fast Charger,Casual Driver
User_391,Tesla Model 3,Houston,4,Level 2,Casual Driver
User_392,Hyundai Kona,Houston,3,Level 1,Casual Driver
User_393,Hyundai Kona,Houston,7,Level 2,Commuter
User_394,Tesla Model 3,New York,0,Level 2,Casual Driver
User_395,Hyundai Kona,Los Angeles,6,DC Fast Charger,Long-Distance Traveler
User_396,Hyundai Kona,New York,2,DC Fast Charger,Casual Driver
User_397,Hyundai Kona,San Francisco,4,Level 2,Commuter
User_398,Chevy Bolt,Los Angeles,7,Level 2,Commuter
User_399,BMW i3,Chicago,2,Level 2,Long-Distance Traveler
User_400,Nissan Leaf,Houston,7,Level 1,Casual Driver
User_401,Chevy Bolt,San Francisco,1,DC Fast Charger,Long-Distance Traveler
User_402,Hyundai Kona,Los Angeles,3,Level 1,Casual Driver
User_403,Tesla Model 3,New York,3,DC Fast Charger,Long-Distance Traveler
User_404,Hyundai Kona,Houston,3,DC Fast Charger,Long-Distance Traveler
User_405,BMW i3,New York,5,Level 1,Long-Distance Traveler
User_406,Hyundai Kona,Los Angeles,4,Level 1,Commuter
User_407,Tesla Model 3,Los Angeles,7,Level 2,Commuter
User_408,BMW i3,San Francisco,5,DC Fast Charger,Casual Driver
User_409,Hyundai Kona,Chicago,6,DC Fast Charger,Commuter
User_410,BMW i3,New York,7,DC Fast Charger,Long-Distance Traveler
User_411,Nissan Leaf,San Francisco,6,Level 2,Commuter
User_412,Nissan Leaf,Houston,3,DC Fast Charger,Commuter
User_413,Hyundai Kona,Chicago,0,DC Fast Charger,Casual Driver
User_414,BMW i3,San Francisco,0,Level 1,Long-Distance Traveler
User_415,Tesla Model 3,New York,0,Level 1,Commuter
User_416,Hyundai Kona,Los Angeles,7,Level 2,Commuter
User_417,Nissan Leaf,Houston,6,DC Fast Charger,Casual Driver
User_418,Nissan Leaf,New York,0,Level 2,Casual Driver
User_419,Hyundai Kona,Chicago,0.461661553,Level 1,Long-Distance Traveler
User_420,BMW i3,Chicago,0,DC Fast Charger,Casual Driver
User_421,Nissan Leaf,Los Angeles,2,DC Fast Charger,Long-Distance Traveler
User_422,BMW i3,Los Angeles,4,Level 2,Long-Distance Traveler
User_423,Nissan Leaf,Houston,2,DC Fast Charger,Commuter
User_424,Nissan Leaf,Houston,3,DC Fast Charger,Commuter
User_425,Chevy Bolt,Los Angeles,3,Level 1,Commuter
User_426,Nissan Leaf,Los Angeles,6,Level 2,Commuter
User_427,Tesla Model 3,Chicago,2,Level 1,Commuter
User_428,Hyundai Kona,Los Angeles,2,Level 2,Long-Distance Traveler
User_429,Hyundai Kona,San Francisco,3,Level 1,Commuter
User_430,BMW i3,New York,1,Level 2,Commuter
User_431,Nissan Leaf,Los Angeles,2,DC Fast Charger,Commuter
User_432,Tesla Model 3,Houston,2,DC Fast Charger,Long-Distance Traveler
User_433,BMW i3,San Francisco,5,Level 2,Casual Driver
User_434,Chevy Bolt,Houston,2,Level 2,Casual Driver
User_435,BMW i3,San Francisco,5,Level 2,Commuter
User_436,BMW i3,Los Angeles,4,Level 2,Casual Driver
User_437,Nissan Leaf,New York,6,DC Fast Charger,Long-Distance Traveler
User_438,Chevy Bolt,Houston,2,Level 2,Commuter
User_439,BMW i3,San Francisco,7,DC Fast Charger,Long-Distance Traveler
User_440,Tesla Model 3,Chicago,5,DC Fast Charger,Long-Distance Traveler
User_441,Tesla Model 3,Los Angeles,5,Level 2,Commuter
User_442,Hyundai Kona,New York,4.690347029,DC Fast Charger,Long-Distance Traveler
User_443,Chevy Bolt,Los Angeles,0.739410755,Level 2,Commuter
User_444,Chevy Bolt,Chicago,7,DC Fast Charger,Long-Distance Traveler
User_445,Hyundai Kona,New York,0.910504317,Level 2,Casual Driver
User_446,BMW i3,Chicago,5,Level 2,Casual Driver
User_447,Chevy Bolt,Los Angeles,6,Level 1,Casual Driver
User_448,Tesla Model 3,San Francisco,6,Level 1,Long-Distance Traveler
User_449,Tesla Model 3,Los Angeles,3,Level 2,Commuter
User_450,Nissan Leaf,Los Angeles,4,Level 1,Casual Driver
User_451,Chevy Bolt,Los Angeles,2,DC Fast Charger,Commuter
User_452,BMW i3,Houston,2.044744282,Level 2,Casual Driver
User_453,Hyundai Kona,Chicago,2,Level 2,Casual Driver
User_454,Hyundai Kona,Chicago,1,Level 2,Long-Distance Traveler
User_455,BMW i3,Chicago,7,Level 1,Casual Driver
User_456,Nissan Leaf,Houston,1,Level 1,Commuter
User_457,Hyundai Kona,San Francisco,0,DC Fast Charger,Commuter
User_458,Chevy Bolt,Los Angeles,2,Level 1,Casual Driver
User_459,Nissan Leaf,San Francisco,6.238923431,Level 1,Commuter
User_460,Chevy Bolt,Houston,2.081759465,DC Fast Charger,Commuter
User_461,Tesla Model 3,Chicago,0,Level 2,Commuter
User_462,Nissan Leaf,Los Angeles,1,Level 2,Commuter
User_463,Hyundai Kona,New York,6,DC Fast Charger,Commuter
User_464,Nissan Leaf,New York,7,Level 1,Casual Driver
User_465,Nissan Leaf,San Francisco,6,DC Fast Charger,Commuter
User_466,Nissan Leaf,Chicago,5,DC Fast Charger,Commuter
User_467,Nissan Leaf,New York,4,Level 2,Casual Driver
User_468,Chevy Bolt,San Francisco,4,Level 1,Long-Distance Traveler
User_469,Tesla Model 3,Houston,7,Level 2,Commuter
User_470,BMW i3,San Francisco,1.087110728,Level 2,Long-Distance Traveler
User_471,Nissan Leaf,San Francisco,0,DC Fast Charger,Long-Distance Traveler
User_472,Hyundai Kona,San Francisco,6,Level 2,Casual Driver
User_473,Nissan Leaf,Los Angeles,6,Level 2,Long-Distance Traveler
User_474,Hyundai Kona,San Francisco,0,Level 2,Long-Distance Traveler
User_475,Chevy Bolt,San Francisco,5,Level 1,Long-Distance Traveler
User_476,Hyundai Kona,Los Angeles,6,Level 1,Casual Driver
User_477,BMW i3,Los Angeles,3,Level 2,Commuter
User_478,Tesla Model 3,Houston,2,DC Fast Charger,Casual Driver
User_479,Hyundai Kona,Chicago,5,DC Fast Charger,Casual Driver
User_480,Hyundai Kona,New York,7,Level 2,Casual Driver
User_481,Tesla Model 3,New York,1,Level 1,Commuter
User_482,BMW i3,San Francisco,1,DC Fast Charger,Long-Distance Traveler
User_483,Nissan Leaf,Houston,7,DC Fast Charger,Commuter
User_484,Hyundai Kona,San Francisco,5,Level 1,Long-Distance Traveler
User_485,Tesla Model 3,New York,7,Level 1,Commuter
User_486,Chevy Bolt,Los Angeles,7,DC Fast Charger,Casual Driver
User_487,Tesla Model 3,Chicago,6,Level 2,Casual Driver
User_488,Chevy Bolt,Houston,0,DC Fast Charger,Long-Distance Traveler
User_489,BMW i3,Los Angeles,3,Level 1,Casual Driver
User_490,Nissan Leaf,Chicago,6,Level 1,Casual Driver
User_491,Tesla Model 3,Houston,5.166465086,Level 1,Commuter
User_492,Hyundai Kona,Houston,6,Level 1,Long-Distance Traveler
User_493,BMW i3,New York,1,Level 2,Commuter
User_494,Tesla Model 3,Los Angeles,1,DC Fast Charger,Commuter
User_495,Hyundai Kona,Houston,4,Level 1,Casual Driver
User_496,Tesla Model 3,Houston,4,Level 1,Commuter
User_497,Chevy Bolt,Chicago,2,Level 1,Long-Distance Traveler
User_498,Tesla Model 3,New York,6,DC Fast Charger,Casual Driver
User_499,Tesla Model 3,San Francisco,2,Level 1,Long-Distance Traveler
User_500,Tesla Model 3,New York,5,DC Fast Charger,Long-Distance Traveler
User_501,BMW i3,San Francisco,5,Level 2,Long-Distance Traveler
User_502,Tesla Model 3,Los Angeles,5,Level 1,Long-Distance Traveler
User_503,Hyundai Kona,Los Angeles,2,Level 2,Commuter
User_504,Chevy Bolt,Houston,0,DC Fast Charger,Casual Driver
User_505,Chevy Bolt,Los Angeles,4,Level 2,Commuter
User_506,Tesla Model 3,Houston,7,Level 1,Casual Driver
User_507,BMW i3,New York,6,Level 2,Commuter
User_508,BMW i3,Los Angeles,2,Level 2,Casual Driver
User_509,Hyundai Kona,New York,3,Level 2,Long-Distance Traveler
User_510,Tesla Model 3,New York,3,Level 2,Long-Distance Traveler
User_511,Chevy Bolt,Los Angeles,7,Level 2,Commuter
User_512,BMW i3,New York,2,DC Fast Charger,Commuter
User_513,Tesla Model 3,Los Angeles,5,DC Fast Charger,Long-Distance Traveler
User_514,BMW i3,Los Angeles,4,Level 1,Commuter
User_515,BMW i3,Los Angeles,7,DC Fast Charger,Commuter
User_516,Chevy Bolt,San Francisco,2,DC Fast Charger,Casual Driver
User_517,Nissan Leaf,New York,4,Level 1,Casual Driver
User_518,Hyundai Kona,Chicago,0,DC Fast Charger,Casual Driver
User_519,Hyundai Kona,Los Angeles,3,Level 1,Commuter
User_520,Chevy Bolt,New York,7,Level 1,Long-Distance Traveler
User_521,BMW i3,Houston,6,DC Fast Charger,Long-Distance Traveler
User_522,Tesla Model 3,Los Angeles,3,Level 2,Long-Distance Traveler
User_523,BMW i3,Los Angeles,7,Level 1,Long-Distance Traveler
User_524,Chevy Bolt,Chicago,0.917719641,Level 2,Casual Driver
User_525,Hyundai Kona,San Francisco,1.806079637,Level 1,Casual Driver
User_526,BMW i3,San Francisco,1,DC Fast Charger,Commuter
User_527,Hyundai Kona,Los Angeles,4,Level 2,Long-Distance Traveler
User_528,Tesla Model 3,New York,6,Level 1,Commuter
User_529,Hyundai Kona,Houston,3,DC Fast Charger,Long-Distance Traveler
User_530,Hyundai Kona,Houston,5,Level 2,Long-Distance Traveler
User_531,Nissan Leaf,New York,7,DC Fast Charger,Commuter
User_532,Nissan Leaf,Los Angeles,0,DC Fast Charger,Casual Driver
User_533,Nissan Leaf,Houston,4,Level 2,Commuter
User_534,Hyundai Kona,San Francisco,7,Level 1,Commuter
User_535,Chevy Bolt,New York,6,Level 1,Long-Distance Traveler
User_536,Hyundai Kona,Chicago,6,DC Fast Charger,Casual Driver
User_537,Chevy Bolt,Los Angeles,3,Level 1,Commuter
User_538,Chevy Bolt,New York,4,Level 2,Casual Driver
User_539,Nissan Leaf,Houston,2,Level 2,Casual Driver
User_540,BMW i3,Los Angeles,5,DC Fast Charger,Casual Driver
User_541,Tesla Model 3,San Francisco,2,DC Fast Charger,Casual Driver
User_542,Nissan Leaf,Los Angeles,9.076121184,Level 2,Long-Distance Traveler
User_543,Nissan Leaf,Los Angeles,0,Level 2,Long-Distance Traveler
User_544,BMW i3,San Francisco,4,DC Fast Charger,Long-Distance Traveler
User_545,Tesla Model 3,San Francisco,2,DC Fast Charger,Long-Distance Traveler
User_546,Hyundai Kona,Los Angeles,4,Level 2,Long-Distance Traveler
User_547,Hyundai Kona,San Francisco,6,DC Fast Charger,Commuter
User_548,Nissan Leaf,New York,5,Level 1,Casual Driver
User_549,Tesla Model 3,San Francisco,6,Level 2,Long-Distance Traveler
User_550,Nissan Leaf,San Francisco,6,Level 2,Casual Driver
User_551,Chevy Bolt,Los Angeles,7,DC Fast Charger,Long-Distance Traveler
User_552,Nissan Leaf,New York,5,DC Fast Charger,Long-Distance Traveler
User_553,Nissan Leaf,Chicago,3,Level 2,Commuter
User_554,Hyundai Kona,Chicago,2,DC Fast Charger,Casual Driver
User_555,Hyundai Kona,Houston,4,Level 1,Long-Distance Traveler
User_556,Hyundai Kona,San Francisco,2,DC Fast Charger,Long-Distance Traveler
User_557,Chevy Bolt,San Francisco,1,Level 2,Commuter
User_558,Hyundai Kona,New York,1.957893907,DC Fast Charger,Casual Driver
User_559,Tesla Model 3,Chicago,4,Level 2,Casual Driver
User_560,BMW i3,Houston,7,Level 1,Long-Distance Traveler
User_561,Tesla Model 3,New York,1,Level 2,Commuter
User_562,Tesla Model 3,San Francisco,6,Level 1,Commuter
User_563,Hyundai Kona,Chicago,4,Level 1,Long-Distance Traveler
User_564,BMW i3,Houston,6,Level 1,Casual Driver
User_565,BMW i3,Los Angeles,5,Level 1,Long-Distance Traveler
User_566,BMW i3,Chicago,4,Level 1,Casual Driver
User_567,Chevy Bolt,Houston,2,DC Fast Charger,Commuter
User_568,Hyundai Kona,New York,1,Level 1,Long-Distance Traveler
User_569,BMW i3,Los Angeles,0,DC Fast Charger,Long-Distance Traveler
User_570,Chevy Bolt,Houston,4,DC Fast Charger,Long-Distance Traveler
User_571,Nissan Leaf,Houston,1,DC Fast Charger,Casual Driver
User_572,Nissan Leaf,San Francisco,4,Level 2,Casual Driver
User_573,Chevy Bolt,Chicago,0,Level 2,Commuter
User_574,Chevy Bolt,San Francisco,3,Level 1,Casual Driver
User_575,Hyundai Kona,Los Angeles,3.898678749,DC Fast Charger,Casual Driver
User_576,Hyundai Kona,Houston,2,Level 2,Long-Distance Traveler
User_577,Nissan Leaf,San Francisco,5,DC Fast Charger,Commuter
User_578,BMW i3,Chicago,3,Level 2,Commuter
User_579,Nissan Leaf,Los Angeles,6,DC Fast Charger,Long-Distance Traveler
User_580,BMW i3,New York,1,Level 2,Casual Driver
User_581,BMW i3,San Francisco,4,Level 1,Casual Driver
User_582,Hyundai Kona,Los Angeles,2,Level 1,Long-Distance Traveler
User_583,Tesla Model 3,New York,3,Level 1,Long-Distance Traveler
User_584,Tesla Model 3,San Francisco,4.814970203,DC Fast Charger,Casual Driver
User_585,Chevy Bolt,Los Angeles,5,Level 1,Commuter
User_586,Hyundai Kona,Los Angeles,3,Level 1,Long-Distance Traveler
User_587,BMW i3,San Francisco,6.817970665,Level 2,Casual Driver
User_588,Tesla Model 3,Los Angeles,1.896445307,Level 2,Long-Distance Traveler
User_589,BMW i3,Houston,5,Level 2,Commuter
User_590,Tesla Model 3,San Francisco,4,Level 1,Commuter
User_591,Tesla Model 3,Los Angeles,3,Level 2,Casual Driver
User_592,Tesla Model 3,New York,4.415774009,Level 2,Commuter
User_593,Hyundai Kona,New York,4,Level 1,Long-Distance Traveler
User_594,Nissan Leaf,Houston,0,Level 2,Commuter
User_595,BMW i3,San Francisco,7,DC Fast Charger,Casual Driver
User_596,Hyundai Kona,Los Angeles,2,Level 2,Long-Distance Traveler
User_597,Hyundai Kona,Los Angeles,7,DC Fast Charger,Commuter
User_598,Hyundai Kona,New York,5,Level 2,Commuter
User_599,Hyundai Kona,Houston,0,Level 2,Commuter
User_600,Hyundai Kona,New York,4,DC Fast Charger,Casual Driver
User_601,Chevy Bolt,New York,0.524095028,Level 1,Casual Driver
User_602,BMW i3,Houston,7,DC Fast Charger,Commuter
User_603,Hyundai Kona,San Francisco,0,Level 1,Long-Distance Traveler
User_604,BMW i3,Los Angeles,2,Level 2,Commuter
User_605,Chevy Bolt,San Francisco,0,Level 1,Long-Distance Traveler
User_606,Chevy Bolt,Chicago,1.658013067,Level 1,Long-Distance Traveler
User_607,BMW i3,Chicago,7,DC Fast Charger,Casual Driver
User_608,Tesla Model 3,Chicago,6,Level 1,Commuter
User_609,Nissan Leaf,Houston,0,Level 1,Casual Driver
User_610,Tesla Model 3,New York,2,DC Fast Charger,Commuter
User_611,Tesla Model 3,San Francisco,7,Level 1,Long-Distance Traveler
User_612,Tesla Model 3,Los Angeles,4,Level 1,Casual Driver
User_613,Hyundai Kona,Chicago,5,DC Fast Charger,Casual Driver
User_614,Chevy Bolt,San Francisco,0,DC Fast Charger,Casual Driver
User_615,Tesla Model 3,Chicago,3,DC Fast Charger,Long-Distance Traveler
User_616,Chevy Bolt,Chicago,1,Level 1,Casual Driver
User_617,BMW i3,Los Angeles,6,Level 2,Commuter
User_618,Nissan Leaf,Houston,6,DC Fast Charger,Commuter
User_619,BMW i3,New York,5,DC Fast Charger,Long-Distance Traveler
User_620,BMW i3,Houston,5,Level 1,Casual Driver
User_621,Hyundai Kona,San Francisco,7,Level 2,Commuter
User_622,Nissan Leaf,Houston,3,Level 2,Casual Driver
User_623,BMW i3,San Francisco,7,Level 1,Commuter
User_624,BMW i3,San Francisco,7,DC Fast Charger,Long-Distance Traveler
User_625,Nissan Leaf,New York,0,Level 1,Commuter
User_626,Nissan Leaf,Los Angeles,5,Level 2,Commuter
User_627,BMW i3,New York,3,DC Fast Charger,Commuter
User_628,Nissan Leaf,Houston,6,Level 2,Long-Distance Traveler
User_629,BMW i3,San Francisco,5,Level 2,Commuter
User_630,BMW i3,Chicago,6,Level 2,Long-Distance Traveler
User_631,Hyundai Kona,Chicago,6,Level 2,Long-Distance Traveler
User_632,Tesla Model 3,San Francisco,4,DC Fast Charger,Commuter
User_633,BMW i3,New York,4,DC Fast Charger,Casual Driver
User_634,Chevy Bolt,Los Angeles,0,DC Fast Charger,Commuter
User_635,Tesla Model 3,New York,7,Level 1,Long-Distance Traveler
User_636,Tesla Model 3,San Francisco,4,DC Fast Charger,Casual Driver
User_637,Tesla Model 3,San Francisco,2,Level 2,Commuter
User_638,Hyundai Kona,Los Angeles,2,Level 2,Commuter
User_639,BMW i3,Houston,3,DC Fast Charger,Commuter
User_640,Hyundai Kona,Houston,6,DC Fast Charger,Commuter
User_641,BMW i3,Los Angeles,1,Level 1,Commuter
User_642,Hyundai Kona,Houston,2,DC Fast Charger,Casual Driver
User_643,Hyundai Kona,Chicago,5,Level 1,Commuter
User_644,Chevy Bolt,Houston,4,DC Fast Charger,Long-Distance Traveler
User_645,Hyundai Kona,Houston,4,Level 1,Long-Distance Traveler
User_646,Nissan Leaf,Houston,6,DC Fast Charger,Casual Driver
User_647,Chevy Bolt,Chicago,7,DC Fast Charger,Long-Distance Traveler
User_648,Hyundai Kona,Houston,0,DC Fast Charger,Casual Driver
User_649,Tesla Model 3,Chicago,1,Level 1,Long-Distance Traveler
User_650,Nissan Leaf,Los Angeles,7,Level 2,Casual Driver
User_651,Nissan Leaf,New York,7,Level 1,Commuter
User_652,Nissan Leaf,Los Angeles,1,DC Fast Charger,Long-Distance Traveler
User_653,Chevy Bolt,New York,5,Level 2,Long-Distance Traveler
User_654,Hyundai Kona,Los Angeles,1,Level 1,Casual Driver
User_655,Hyundai Kona,New York,3,Level 1,Casual Driver
User_656,Tesla Model 3,New York,7,Level 2,Casual Driver
User_657,Tesla Model 3,San Francisco,5,DC Fast Charger,Long-Distance Traveler
User_658,Nissan Leaf,New York,3,Level 2,Casual Driver
User_659,Tesla Model 3,New York,7,DC Fast Charger,Commuter
User_660,Chevy Bolt,San Francisco,3,Level 2,Casual Driver
User_661,Hyundai Kona,Houston,2.82548197,Level 1,Commuter
User_662,Nissan Leaf,Houston,1,Level 1,Commuter
User_663,Tesla Model 3,San Francisco,6,Level 1,Casual Driver
User_664,Chevy Bolt,Chicago,4,DC Fast Charger,Commuter
User_665,Chevy Bolt,New York,4,DC Fast Charger,Commuter
User_666,Tesla Model 3,New York,1,Level 2,Commuter
User_667,Hyundai Kona,San Francisco,5,DC Fast Charger,Casual Driver
User_668,Tesla Model 3,San Francisco,7.197041544,DC Fast Charger,Casual Driver
User_669,Nissan Leaf,Chicago,2,Level 2,Commuter
User_670,Tesla Model 3,Houston,4,DC Fast Charger,Long-Distance Traveler
User_671,Chevy Bolt,Los Angeles,5,Level 2,Commuter
User_672,Tesla Model 3,Houston,5,DC Fast Charger,Casual Driver
User_673,Hyundai Kona,New York,0,DC Fast Charger,Commuter
User_674,BMW i3,San Francisco,1,Level 1,Commuter
User_675,Tesla Model 3,Chicago,0,DC Fast Charger,Casual Driver
User_676,Hyundai Kona,Houston,4,Level 2,Casual Driver
User_677,Hyundai Kona,Chicago,0,Level 2,Long-Distance Traveler
User_678,Chevy Bolt,Houston,6,Level 1,Commuter
User_679,Hyundai Kona,New York,6,Level 2,Commuter
User_680,Hyundai Kona,Los Angeles,4,Level 1,Commuter
User_681,Hyundai Kona,Chicago,0,DC Fast Charger,Long-Distance Traveler
User_682,Hyundai Kona,Chicago,3,Level 1,Long-Distance Traveler
User_683,Nissan Leaf,Los Angeles,2.896360664,DC Fast Charger,Commuter
User_684,Nissan Leaf,Chicago,6,Level 2,Casual Driver
User_685,Chevy Bolt,Chicago,0,Level 1,Commuter
User_686,Tesla Model 3,Houston,5,Level 2,Commuter
User_687,Hyundai Kona,Houston,0,Level 2,Commuter
User_688,Tesla Model 3,Los Angeles,4,Level 2,Casual Driver
User_689,Tesla Model 3,New York,1,Level 2,Long-Distance Traveler
User_690,Chevy Bolt,Chicago,2,Level 2,Long-Distance Traveler
User_691,Hyundai Kona,New York,4,Level 1,Commuter
User_692,Hyundai Kona,Los Angeles,3,Level 2,Commuter
User_693,BMW i3,Los Angeles,2,Level 1,Commuter
User_694,Tesla Model 3,Houston,7,Level 1,Casual Driver
User_695,Tesla Model 3,Chicago,1,Level 1,Commuter
User_696,Nissan Leaf,San Francisco,4,Level 2,Casual Driver
User_697,BMW i3,Los Angeles,0,Level 2,Commuter
User_698,Nissan Leaf,Chicago,7,Level 1,Commuter
User_699,Nissan Leaf,New York,2,Level 2,Commuter
User_700,Nissan Leaf,Houston,0,Level 1,Long-Distance Traveler
User_701,Chevy Bolt,New York,1,Level 2,Commuter
User_702,Chevy Bolt,Los Angeles,5,Level 2,Commuter
User_703,Nissan Leaf,Los Angeles,6,Level 1,Commuter
User_704,BMW i3,New York,6,Level 2,Commuter
User_705,Tesla Model 3,Los Angeles,0,Level 1,Casual Driver
User_706,BMW i3,Chicago,3,Level 1,Casual Driver
User_707,Hyundai Kona,Los Angeles,3.608134873,Level 2,Commuter
User_708,Chevy Bolt,Houston,4,Level 2,Casual Driver
User_709,Tesla Model 3,Chicago,5.489700152,Level 1,Commuter
User_710,Tesla Model 3,San Francisco,5,Level 1,Commuter
User_711,Hyundai Kona,Los Angeles,0,Level 1,Casual Driver
User_712,Hyundai Kona,Los Angeles,2,DC Fast Charger,Casual Driver
User_713,Nissan Leaf,Houston,5,Level 2,Commuter
User_714,Chevy Bolt,Houston,0,DC Fast Charger,Long-Distance Traveler
User_715,Chevy Bolt,New York,0,Level 1,Commuter
User_716,BMW i3,New York,6,DC Fast Charger,Commuter
User_717,Nissan Leaf,New York,0,Level 1,Long-Distance Traveler
User_718,Nissan Leaf,Houston,1,DC Fast Charger,Casual Driver
User_719,Nissan Leaf,New York,1,DC Fast Charger,Long-Distance Traveler
User_720,Nissan Leaf,New York,4,Level 2,Commuter
User_721,Chevy Bolt,San Francisco,2,Level 2,Casual Driver
User_722,Chevy Bolt,New York,5,DC Fast Charger,Long-Distance Traveler
User_723,Nissan Leaf,Los Angeles,5,Level 1,Long-Distance Traveler
User_724,BMW i3,Houston,1,Level 2,Commuter
User_725,Tesla Model 3,Chicago,3,DC Fast Charger,Long-Distance Traveler
User_726,Tesla Model 3,San Francisco,1,Level 1,Commuter
User_727,BMW i3,Houston,1,Level 2,Casual Driver
User_728,Nissan Leaf,Houston,4,DC Fast Charger,Long-Distance Traveler
User_729,Chevy Bolt,Los Angeles,6,Level 1,Casual Driver
User_730,Tesla Model 3,New York,7,Level 1,Casual Driver
User_731,Hyundai Kona,Los Angeles,0.689886654,DC Fast Charger,Commuter
User_732,Hyundai Kona,New York,0,Level 1,Long-Distance Traveler
User_733,BMW i3,New York,11.68859247,DC Fast Charger,Casual Driver
User_734,Nissan Leaf,Houston,2,Level 1,Long-Distance Traveler
User_735,Tesla Model 3,New York,6,DC Fast Charger,Long-Distance Traveler
User_736,Nissan Leaf,San Francisco,6,Level 2,Long-Distance Traveler
User_737,Tesla Model 3,San Francisco,6,Level 1,Long-Distance Traveler
User_738,BMW i3,San Francisco,6,DC Fast Charger,Casual Driver
User_739,BMW i3,Houston,3.697095409,DC Fast Charger,Long-Distance Traveler
User_740,Hyundai Kona,Los Angeles,1,Level 1,Commuter
User_741,Nissan Leaf,Chicago,5,Level 2,Commuter
User_742,Hyundai Kona,New York,6,DC Fast Charger,Long-Distance Traveler
User_743,Nissan Leaf,Chicago,0,Level 2,Long-Distance Traveler
User_744,Hyundai Kona,Los Angeles,2,Level 1,Commuter
User_745,Chevy Bolt,Los Angeles,0,Level 2,Long-Distance Traveler
User_746,Chevy Bolt,Houston,6,Level 1,Casual Driver
User_747,Chevy Bolt,San Francisco,5,DC Fast Charger,Long-Distance Traveler
User_748,Chevy Bolt,San Francisco,5,Level 2,Long-Distance Traveler
User_749,Tesla Model 3,Los Angeles,5,Level 1,Casual Driver
User_750,Chevy Bolt,Houston,5,DC Fast Charger,Long-Distance Traveler
User_751,BMW i3,Houston,3,Level 2,Casual Driver
User_752,BMW i3,New York,7,Level 1,Casual Driver
User_753,Tesla Model 3,San Francisco,6,Level 2,Commuter
User_754,Chevy Bolt,Los Angeles,6,DC Fast Charger,Commuter
User_755,Chevy Bolt,Chicago,7,DC Fast Charger,Long-Distance Traveler
User_756,Chevy Bolt,San Francisco,2,Level 1,Commuter
User_757,Hyundai Kona,New York,4,Level 2,Long-Distance Traveler
User_758,Nissan Leaf,Houston,3,Level 2,Long-Distance Traveler
User_759,Hyundai Kona,Los Angeles,5,DC Fast Charger,Commuter
User_760,Nissan Leaf,San Francisco,3,Level 2,Commuter
User_761,Chevy Bolt,Chicago,4,Level 2,Long-Distance Traveler
User_762,Chevy Bolt,New York,1,Level 2,Long-Distance Traveler
User_763,Hyundai Kona,New York,6,Level 1,Long-Distance Traveler
User_764,Hyundai Kona,San Francisco,4,DC Fast Charger,Casual Driver
User_765,Nissan Leaf,Chicago,2,Level 1,Long-Distance Traveler
User_766,BMW i3,New York,7,DC Fast Charger,Long-Distance Traveler
User_767,Nissan Leaf,Los Angeles,4,Level 1,Long-Distance Traveler
User_768,Hyundai Kona,New York,4,Level 1,Commuter
User_769,Hyundai Kona,Chicago,7,Level 1,Commuter
User_770,Tesla Model 3,Houston,1,Level 2,Casual Driver
User_771,Hyundai Kona,Houston,0,DC Fast Charger,Long-Distance Traveler
User_772,Tesla Model 3,San Francisco,1,Level 1,Long-Distance Traveler
User_773,BMW i3,Chicago,2,Level 2,Long-Distance Traveler
User_774,Nissan Leaf,New York,3,Level 1,Long-Distance Traveler
User_775,Nissan Leaf,New York,1,Level 2,Long-Distance Traveler
User_776,Tesla Model 3,Houston,5,Level 1,Long-Distance Traveler
User_777,Nissan Leaf,Houston,7,DC Fast Charger,Commuter
User_778,Hyundai Kona,Los Angeles,2,DC Fast Charger,Casual Driver
User_779,Chevy Bolt,Houston,4,Level 1,Commuter
User_780,Tesla Model 3,Los Angeles,6,Level 1,Commuter
User_781,Nissan Leaf,New York,6,Level 1,Commuter
User_782,Tesla Model 3,Los Angeles,5,Level 1,Casual Driver
User_783,Tesla Model 3,Los Angeles,2,Level 2,Long-Distance Traveler
User_784,Chevy Bolt,San Francisco,3,DC Fast Charger,Casual Driver
User_785,Hyundai Kona,Houston,6,Level 2,Commuter
User_786,Tesla Model 3,Los Angeles,1,DC Fast Charger,Commuter
User_787,Nissan Leaf,New York,0,Level 1,Commuter
User_788,BMW i3,Chicago,3,DC Fast Charger,Commuter
User_789,Tesla Model 3,Los Angeles,1,Level 1,Long-Distance Traveler
User_790,Tesla Model 3,Houston,1,Level 1,Commuter
User_791,Chevy Bolt,San Francisco,3,Level 2,Commuter
User_792,Hyundai Kona,New York,7,DC Fast Charger,Long-Distance Traveler
User_793,BMW i3,San Francisco,6,Level 2,Commuter
User_794,Nissan Leaf,Chicago,3.043569798,Level 2,Long-Distance Traveler
User_795,BMW i3,Los Angeles,7,Level 2,Casual Driver
User_796,Nissan Leaf,Los Angeles,4,Level 2,Long-Distance Traveler
User_797,Hyundai Kona,Houston,3,DC Fast Charger,Commuter
User_798,Nissan Leaf,Los Angeles,0,DC Fast Charger,Long-Distance Traveler
User_799,Chevy Bolt,New York,7,Level 2,Commuter
User_800,Chevy Bolt,Chicago,7,DC Fast Charger,Commuter
User_801,Chevy Bolt,San Francisco,3,Level 1,Casual Driver
User_802,Chevy Bolt,Chicago,2,DC Fast Charger,Commuter
User_803,BMW i3,Los Angeles,3,Level 2,Commuter
User_804,Hyundai Kona,San Francisco,1,Level 1,Commuter
User_805,Nissan Leaf,Houston,1.208633083,Level 1,Long-Distance Traveler
User_806,Nissan Leaf,Chicago,2,Level 1,Commuter
User_807,Chevy Bolt,San Francisco,5,Level 1,Commuter
User_808,Chevy Bolt,San Francisco,0,Level 1,Commuter
User_809,Tesla Model 3,San Francisco,3.286324572,Level 2,Casual Driver
User_810,Hyundai Kona,New York,2,Level 2,Casual Driver
User_811,BMW i3,Chicago,0,Level 1,Long-Distance Traveler
User_812,Nissan Leaf,San Francisco,0.088598258,Level 2,Casual Driver
User_813,Tesla Model 3,Chicago,5,DC Fast Charger,Casual Driver
User_814,Tesla Model 3,San Francisco,5,Level 2,Long-Distance Traveler
User_815,Nissan Leaf,Houston,2,DC Fast Charger,Casual Driver
User_816,BMW i3,Houston,6,Level 2,Commuter
User_817,Tesla Model 3,Houston,2,DC Fast Charger,Commuter
User_818,Tesla Model 3,Los Angeles,0,DC Fast Charger,Commuter
User_819,Hyundai Kona,San Francisco,3.73405531,Level 1,Casual Driver
User_820,BMW i3,Los Angeles,4,Level 2,Long-Distance Traveler
User_821,Tesla Model 3,Chicago,1,Level 1,Casual Driver
User_822,BMW i3,Los Angeles,0,DC Fast Charger,Long-Distance Traveler
User_823,Nissan Leaf,Chicago,4,Level 2,Commuter
User_824,Chevy Bolt,Chicago,0,Level 2,Long-Distance Traveler
User_825,Tesla Model 3,Chicago,7,Level 1,Commuter
User_826,Hyundai Kona,Los Angeles,3,Level 2,Casual Driver
User_827,Nissan Leaf,San Francisco,5,Level 2,Casual Driver
User_828,BMW i3,Los Angeles,3,Level 2,Long-Distance Traveler
User_829,Nissan Leaf,San Francisco,5,DC Fast Charger,Casual Driver
User_830,Tesla Model 3,San Francisco,4.789456705,Level 1,Long-Distance Traveler
User_831,BMW i3,Chicago,1,DC Fast Charger,Casual Driver
User_832,Chevy Bolt,Los Angeles,1,Level 1,Casual Driver
User_833,Nissan Leaf,San Francisco,0,DC Fast Charger,Casual Driver
User_834,Tesla Model 3,Houston,6,DC Fast Charger,Long-Distance Traveler
User_835,Hyundai Kona,San Francisco,1,DC Fast Charger,Long-Distance Traveler
User_836,BMW i3,Houston,6,DC Fast Charger,Long-Distance Traveler
User_837,Nissan Leaf,Los Angeles,5,Level 1,Casual Driver
User_838,Nissan Leaf,Los Angeles,7,Level 2,Commuter
User_839,Chevy Bolt,Los Angeles,1,Level 1,Long-Distance Traveler
User_840,Chevy Bolt,San Francisco,4,Level 2,Commuter
User_841,Hyundai Kona,New York,7,Level 1,Long-Distance Traveler
User_842,Hyundai Kona,San Francisco,2,Level 1,Long-Distance Traveler
User_843,Tesla Model 3,San Francisco,6,Level 1,Commuter
User_844,Tesla Model 3,Chicago,6.808033448,Level 1,Commuter
User_845,Hyundai Kona,Chicago,1,DC Fast Charger,Casual Driver
User_846,Hyundai Kona,San Francisco,4.062688149,Level 1,Commuter
User_847,BMW i3,Houston,1,Level 1,Long-Distance Traveler
User_848,Chevy Bolt,Chicago,7,Level 2,Commuter
User_849,Tesla Model 3,San Francisco,2,DC Fast Charger,Commuter
User_850,Chevy Bolt,New York,2,DC Fast Charger,Commuter
User_851,Chevy Bolt,Houston,0,Level 1,Commuter
User_852,Hyundai Kona,Los Angeles,0,Level 1,Casual Driver
User_853,BMW i3,San Francisco,1,DC Fast Charger,Long-Distance Traveler
User_854,Nissan Leaf,San Francisco,3,DC Fast Charger,Long-Distance Traveler
User_855,BMW i3,Houston,5,Level 1,Long-Distance Traveler
User_856,BMW i3,Chicago,1,Level 1,Casual Driver
User_857,Chevy Bolt,Chicago,2,Level 1,Commuter
User_858,BMW i3,Chicago,7,Level 2,Long-Distance Traveler
User_859,Tesla Model 3,Los Angeles,3,DC Fast Charger,Long-Distance Traveler
User_860,Chevy Bolt,Houston,2,Level 2,Commuter
User_861,Tesla Model 3,Houston,6,DC Fast Charger,Long-Distance Traveler
User_862,Nissan Leaf,Chicago,7,DC Fast Charger,Commuter
User_863,Chevy Bolt,Chicago,0,DC Fast Charger,Casual Driver
User_864,Nissan Leaf,New York,1,DC Fast Charger,Long-Distance Traveler
User_865,Chevy Bolt,New York,3,DC Fast Charger,Long-Distance Traveler
User_866,Hyundai Kona,San Francisco,0,Level 1,Commuter
User_867,BMW i3,San Francisco,4,Level 2,Casual Driver
User_868,Hyundai Kona,Houston,6,Level 2,Long-Distance Traveler
User_869,Nissan Leaf,Houston,0,DC Fast Charger,Commuter
User_870,BMW i3,Los Angeles,5,Level 2,Casual Driver
User_871,Chevy Bolt,Los Angeles,0,Level 2,Commuter
User_872,BMW i3,New York,2,Level 1,Long-Distance Traveler
User_873,Tesla Model 3,San Francisco,5,DC Fast Charger,Long-Distance Traveler
User_874,BMW i3,New York,3,Level 1,Long-Distance Traveler
User_875,Tesla Model 3,New York,3,Level 2,Commuter
User_876,BMW i3,San Francisco,1,DC Fast Charger,Casual Driver
User_877,Tesla Model 3,Los Angeles,0,DC Fast Charger,Long-Distance Traveler
User_878,Nissan Leaf,San Francisco,7,DC Fast Charger,Long-Distance Traveler
User_879,Hyundai Kona,Chicago,3,DC Fast Charger,Commuter
User_880,Chevy Bolt,Chicago,0,DC Fast Charger,Long-Distance Traveler
User_881,BMW i3,Chicago,1,DC Fast Charger,Commuter
User_882,Hyundai Kona,Houston,4,Level 1,Long-Distance Traveler
User_883,Chevy Bolt,Los Angeles,4,Level 1,Casual Driver
User_884,Chevy Bolt,Los Angeles,0,Level 2,Long-Distance Traveler
User_885,Tesla Model 3,Houston,2,DC Fast Charger,Commuter
User_886,Nissan Leaf,New York,1,DC Fast Charger,Long-Distance Traveler
User_887,Nissan Leaf,Chicago,7,Level 1,Commuter
User_888,Hyundai Kona,Chicago,1,Level 2,Commuter
User_889,Nissan Leaf,New York,3,Level 2,Commuter
User_890,BMW i3,San Francisco,3,DC Fast Charger,Casual Driver
User_891,Nissan Leaf,San Francisco,3,Level 2,Casual Driver
User_892,Hyundai Kona,Los Angeles,7,Level 2,Long-Distance Traveler
User_893,Nissan Leaf,Houston,5,DC Fast Charger,Commuter
User_894,BMW i3,Los Angeles,6,DC Fast Charger,Casual Driver
User_895,Tesla Model 3,San Francisco,1,DC Fast Charger,Commuter
User_896,Hyundai Kona,New York,6,Level 1,Long-Distance Traveler
User_897,Tesla Model 3,Los Angeles,6,DC Fast Charger,Commuter
User_898,Tesla Model 3,Chicago,0,Level 2,Casual Driver
User_899,Tesla Model 3,Chicago,2,Level 1,Casual Driver
User_900,Chevy Bolt,New York,4,Level 2,Commuter
User_901,Chevy Bolt,San Francisco,2,Level 1,Commuter
User_902,Tesla Model 3,Chicago,4,DC Fast Charger,Commuter
User_903,Hyundai Kona,Chicago,2,Level 2,Commuter
User_904,BMW i3,Houston,1,Level 1,Commuter
User_905,BMW i3,Los Angeles,4,Level 2,Commuter
User_906,Nissan Leaf,San Francisco,0,DC Fast Charger,Long-Distance Traveler
User_907,Hyundai Kona,Los Angeles,2,Level 1,Long-Distance Traveler
User_908,Chevy Bolt,San Francisco,6,Level 2,Casual Driver
User_909,Tesla Model 3,Chicago,2,Level 1,Commuter
User_910,Nissan Leaf,Houston,4,DC Fast Charger,Long-Distance Traveler
User_911,BMW i3,Los Angeles,6,Level 1,Commuter
User_912,Chevy Bolt,Chicago,6,Level 1,Casual Driver
User_913,Chevy Bolt,San Francisco,3,Level 2,Long-Distance Traveler
User_914,Tesla Model 3,Los Angeles,7,Level 1,Commuter
User_915,BMW i3,Los Angeles,5,DC Fast Charger,Commuter
User_916,Hyundai Kona,Chicago,4,Level 2,Commuter
User_917,Chevy Bolt,Los Angeles,0.355652787,Level 1,Commuter
User_918,Tesla Model 3,Houston,1,DC Fast Charger,Commuter
User_919,Hyundai Kona,Houston,1,DC Fast Charger,Commuter
User_920,BMW i3,Chicago,3,Level 1,Casual Driver
User_921,Chevy Bolt,San Francisco,0,Level 1,Commuter
User_922,Hyundai Kona,Chicago,2.797165053,Level 2,Commuter
User_923,Hyundai Kona,Houston,7,DC Fast Charger,Long-Distance Traveler
User_924,Hyundai Kona,New York,7,DC Fast Charger,Commuter
User_925,Chevy Bolt,New York,7,DC Fast Charger,Commuter
User_926,Chevy Bolt,Los Angeles,6,Level 1,Long-Distance Traveler
User_927,Nissan Leaf,Los Angeles,5.749537058,Level 1,Long-Distance Traveler
User_928,BMW i3,New York,4,Level 1,Commuter
User_929,Tesla Model 3,Houston,5.404853321,Level 2,Casual Driver
User_930,Hyundai Kona,Los Angeles,2,DC Fast Charger,Long-Distance Traveler
User_931,Nissan Leaf,Chicago,5,DC Fast Charger,Long-Distance Traveler
User_932,Tesla Model 3,Chicago,0,Level 1,Commuter
User_933,Nissan Leaf,Houston,6,Level 2,Long-Distance Traveler
User_934,Chevy Bolt,Los Angeles,1,Level 2,Commuter
User_935,Hyundai Kona,Chicago,3,Level 2,Casual Driver
User_936,Tesla Model 3,Los Angeles,6,Level 2,Casual Driver
User_937,Tesla Model 3,Los Angeles,7,Level 2,Commuter
User_938,Tesla Model 3,Chicago,7,Level 1,Casual Driver
User_939,Tesla Model 3,New York,0,Level 1,Commuter
User_940,Tesla Model 3,Chicago,2.061484459,Level 1,Long-Distance Traveler
User_941,Nissan Leaf,Houston,6,DC Fast Charger,Long-Distance Traveler
User_942,Hyundai Kona,San Francisco,6,Level 2,Commuter
User_943,Chevy Bolt,Chicago,7,Level 2,Commuter
User_944,Chevy Bolt,Los Angeles,1,DC Fast Charger,Long-Distance Traveler
User_945,Chevy Bolt,Los Angeles,4,Level 2,Commuter
User_946,Chevy Bolt,Chicago,6,Level 2,Long-Distance Traveler
User_947,Nissan Leaf,San Francisco,5,Level 2,Commuter
User_948,BMW i3,Chicago,0,Level 2,Long-Distance Traveler
User_949,Hyundai Kona,San Francisco,4.794491817,Level 2,Casual Driver
User_950,Tesla Model 3,San Francisco,7,Level 1,Casual Driver
User_951,BMW i3,Houston,6,Level 2,Long-Distance Traveler
User_952,Chevy Bolt,Los Angeles,0,Level 1,Long-Distance Traveler
User_953,BMW i3,Los Angeles,4,Level 1,Long-Distance Traveler
User_954,Hyundai Kona,San Francisco,2.64765512,Level 1,Long-Distance Traveler
User_955,Tesla Model 3,Los Angeles,2,Level 1,Long-Distance Traveler
User_956,Tesla Model 3,New York,7,DC Fast Charger,Casual Driver
User_957,Hyundai Kona,San Francisco,5,Level 1,Long-Distance Traveler
User_958,Hyundai Kona,Los Angeles,3.22081808,DC Fast Charger,Commuter
User_959,Chevy Bolt,New York,6.377300139,DC Fast Charger,Casual Driver
User_960,Tesla Model 3,Houston,4,Level 1,Long-Distance Traveler
User_961,BMW i3,Los Angeles,3,Level 2,Commuter
User_962,Nissan Leaf,New York,4,Level 2,Casual Driver
User_963,Nissan Leaf,Chicago,2,Level 1,Commuter
User_964,Hyundai Kona,Chicago,5,Level 1,Long-Distance Traveler
User_965,Chevy Bolt,New York,6,DC Fast Charger,Commuter
User_966,Nissan Leaf,San Francisco,4,DC Fast Charger,Commuter
User_967,Tesla Model 3,San Francisco,3,Level 2,Casual Driver
User_968,Hyundai Kona,Los Angeles,5,DC Fast Charger,Commuter
User_969,BMW i3,Chicago,7,DC Fast Charger,Commuter
User_970,Hyundai Kona,San Francisco,0,Level 1,Casual Driver
User_971,BMW i3,San Francisco,5,DC Fast Charger,Long-Distance Traveler
User_972,Hyundai Kona,Chicago,3,DC Fast Charger,Commuter
User_973,Hyundai Kona,Houston,0,DC Fast Charger,Long-Distance Traveler
User_974,Hyundai Kona,San Francisco,6,Level 2,Casual Driver
User_975,BMW i3,New York,6,Level 1,Long-Distance Traveler
User_976,BMW i3,Los Angeles,4,Level 2,Commuter
User_977,Hyundai Kona,San Francisco,4.186588285,Level 1,Commuter
User_978,Nissan Leaf,San Francisco,4,Level 1,Long-Distance Traveler
User_979,Chevy Bolt,Houston,2,DC Fast Charger,Long-Distance Traveler
User_980,Chevy Bolt,New York,2,Level 2,Commuter
User_981,Chevy Bolt,Los Angeles,7,Level 2,Casual Driver
User_982,BMW i3,San Francisco,6,DC Fast Charger,Commuter
User_983,BMW i3,Los Angeles,7,Level 2,Commuter
User_984,Nissan Leaf,Chicago,2,Level 1,Long-Distance Traveler
User_985,Chevy Bolt,San Francisco,2,Level 1,Commuter
User_986,Chevy Bolt,San Francisco,6,Level 1,Long-Distance Traveler
User_987,Hyundai Kona,Chicago,0,DC Fast Charger,Casual Driver
User_988,BMW i3,Houston,7,Level 2,Commuter
User_989,Chevy Bolt,San Francisco,10.63457441,Level 1,Casual Driver
User_990,Nissan Leaf,Los Angeles,3,DC Fast Charger,Casual Driver
User_991,Nissan Leaf,New York,3,Level 1,Commuter
User_992,Chevy Bolt,Los Angeles,7,Level 1,Long-Distance Traveler
User_993,BMW i3,Houston,2,Level 2,Long-Distance Traveler
User_994,Nissan Leaf,New York,4,DC Fast Charger,Commuter
User_995,Hyundai Kona,Los Angeles,5,Level 1,Long-Distance Traveler
User_996,Nissan Leaf,Los Angeles,5,Level 1,Long-Distance Traveler
User_997,Tesla Model 3,Chicago,5,DC Fast Charger,Casual Driver
User_998,Tesla Model 3,Houston,5,DC Fast Charger,Long-Distance Traveler
User_999,BMW i3,Chicago,1,Level 2,Long-Distance Traveler
User_1000,Chevy Bolt,New York,7,Level 1,Commuter
User_1001,BMW i3,Chicago,7,Level 2,Casual Driver
User_1002,BMW i3,Houston,7,Level 1,Long-Distance Traveler
User_1003,BMW i3,San Francisco,1.038973299,Level 2,Commuter
User_1004,BMW i3,San Francisco,5,Level 1,Long-Distance Traveler
User_1005,Hyundai Kona,New York,0,DC Fast Charger,Casual Driver
User_1006,Hyundai Kona,San Francisco,3.304408096,Level 2,Casual Driver
User_1007,Nissan Leaf,Chicago,2,DC Fast Charger,Casual Driver
User_1008,Tesla Model 3,New York,1.058056667,Level 1,Casual Driver
User_1009,BMW i3,Houston,5,DC Fast Charger,Casual Driver
User_1010,Nissan Leaf,New York,4,Level 2,Casual Driver
User_1011,Tesla Model 3,New York,7,Level 2,Commuter
User_1012,Chevy Bolt,Los Angeles,3,DC Fast Charger,Casual Driver
User_1013,Hyundai Kona,Los Angeles,2,Level 1,Long-Distance Traveler
User_1014,Tesla Model 3,New York,4,Level 2,Long-Distance Traveler
User_1015,Chevy Bolt,San Francisco,6,Level 1,Long-Distance Traveler
User_1016,Tesla Model 3,Los Angeles,2,Level 2,Long-Distance Traveler
User_1017,Hyundai Kona,Houston,7,Level 1,Casual Driver
User_1018,Hyundai Kona,Chicago,0.814314492,Level 1,Casual Driver
User_1019,Nissan Leaf,Los Angeles,5,DC Fast Charger,Commuter
User_1020,BMW i3,New York,6,Level 1,Casual Driver
User_1021,Tesla Model 3,San Francisco,1,Level 2,Long-Distance Traveler
User_1022,Tesla Model 3,Chicago,0,DC Fast Charger,Commuter
User_1023,Chevy Bolt,Los Angeles,7,Level 2,Commuter
User_1024,Hyundai Kona,San Francisco,3,DC Fast Charger,Commuter
User_1025,Tesla Model 3,San Francisco,1,DC Fast Charger,Commuter
User_1026,Hyundai Kona,San Francisco,0,Level 1,Casual Driver
User_1027,Tesla Model 3,New York,0,Level 1,Commuter
User_1028,Nissan Leaf,Houston,5,Level 2,Casual Driver
User_1029,BMW i3,San Francisco,2,Level 2,Commuter
User_1030,Tesla Model 3,Chicago,5,Level 1,Casual Driver
User_1031,Hyundai Kona,Los Angeles,1,Level 2,Casual Driver
User_1032,Nissan Leaf,Chicago,7,Level 2,Long-Distance Traveler
User_1033,Tesla Model 3,New York,2,Level 1,Casual Driver
User_1034,Chevy Bolt,New York,1,DC Fast Charger,Commuter
User_1035,BMW i3,Chicago,0,Level 1,Commuter
User_1036,Tesla Model 3,Houston,1.719888608,Level 2,Casual Driver
User_1037,Nissan Leaf,New York,1,DC Fast Charger,Casual Driver
User_1038,Chevy Bolt,New York,3,Level 1,Casual Driver
User_1039,Nissan Leaf,Chicago,5,DC Fast Charger,Casual Driver
User_1040,Nissan Leaf,New York,2,Level 2,Long-Distance Traveler
User_1041,Chevy Bolt,Houston,7,DC Fast Charger,Long-Distance Traveler
User_1042,Nissan Leaf,Houston,6,Level 2,Long-Distance Traveler
User_1043,Chevy Bolt,Houston,2,Level 1,Long-Distance Traveler
User_1044,Tesla Model 3,Los Angeles,4,DC Fast Charger,Long-Distance Traveler
User_1045,Chevy Bolt,Houston,1,DC Fast Charger,Casual Driver
User_1046,Chevy Bolt,Houston,6,DC Fast Charger,Long-Distance Traveler
User_1047,BMW i3,Los Angeles,2,Level 2,Long-Distance Traveler
User_1048,Chevy Bolt,San Francisco,3,Level 1,Casual Driver
User_1049,Chevy Bolt,New York,2,Level 1,Casual Driver
User_1050,Tesla Model 3,Houston,3,Level 2,Commuter
User_1051,BMW i3,New York,3,DC Fast Charger,Commuter
User_1052,Hyundai Kona,Chicago,5,Level 2,Commuter
User_1053,Tesla Model 3,New York,5,Level 2,Long-Distance Traveler
User_1054,Tesla Model 3,Los Angeles,5,Level 1,Casual Driver
User_1055,Hyundai Kona,New York,4,Level 2,Commuter
User_1056,Chevy Bolt,New York,0,DC Fast Charger,Commuter
User_1057,Nissan Leaf,New York,4,Level 2,Long-Distance Traveler
User_1058,BMW i3,San Francisco,4,Level 2,Commuter
User_1059,Nissan Leaf,San Francisco,0,Level 2,Casual Driver
User_1060,Hyundai Kona,Chicago,2,DC Fast Charger,Casual Driver
User_1061,Tesla Model 3,Los Angeles,4,Level 2,Commuter
User_1062,Tesla Model 3,New York,7,Level 1,Casual Driver
User_1063,BMW i3,New York,4.023079649,Level 2,Commuter
User_1064,Tesla Model 3,New York,7,Level 2,Commuter
User_1065,Tesla Model 3,New York,6,Level 1,Casual Driver
User_1066,BMW i3,San Francisco,5,Level 1,Casual Driver
User_1067,BMW i3,Chicago,6,Level 1,Long-Distance Traveler
User_1068,Hyundai Kona,Houston,3,Level 1,Long-Distance Traveler
User_1069,Tesla Model 3,Los Angeles,1,Level 1,Commuter
User_1070,Tesla Model 3,New York,2,Level 1,Casual Driver
User_1071,Hyundai Kona,Chicago,5,DC Fast Charger,Commuter
User_1072,Chevy Bolt,Houston,3,Level 2,Long-Distance Traveler
User_1073,Chevy Bolt,Chicago,1,DC Fast Charger,Commuter
User_1074,Chevy Bolt,San Francisco,5,DC Fast Charger,Casual Driver
User_1075,Hyundai Kona,Houston,1,Level 1,Casual Driver
User_1076,Tesla Model 3,Chicago,3,Level 2,Long-Distance Traveler
User_1077,Hyundai Kona,San Francisco,7,DC Fast Charger,Commuter
User_1078,Hyundai Kona,Chicago,5,Level 2,Commuter
User_1079,Chevy Bolt,Chicago,2,Level 2,Casual Driver
User_1080,Nissan Leaf,Houston,7,Level 1,Long-Distance Traveler
User_1081,Tesla Model 3,San Francisco,1,Level 2,Casual Driver
User_1082,Chevy Bolt,New York,2.931420755,DC Fast Charger,Casual Driver
User_1083,Nissan Leaf,Los Angeles,7,DC Fast Charger,Long-Distance Traveler
User_1084,Nissan Leaf,Houston,2,Level 1,Casual Driver
User_1085,BMW i3,San Francisco,6,DC Fast Charger,Commuter
User_1086,Tesla Model 3,Chicago,1,Level 1,Commuter
User_1087,Nissan Leaf,San Francisco,6,DC Fast Charger,Commuter
User_1088,Chevy Bolt,Los Angeles,2,DC Fast Charger,Casual Driver
User_1089,BMW i3,Los Angeles,3,Level 1,Long-Distance Traveler
User_1090,Tesla Model 3,New York,3,Level 2,Long-Distance Traveler
User_1091,Hyundai Kona,New York,1,Level 1,Long-Distance Traveler
User_1092,Chevy Bolt,Los Angeles,4,Level 2,Long-Distance Traveler
User_1093,Nissan Leaf,Houston,2,Level 2,Long-Distance Traveler
User_1094,Nissan Leaf,Houston,6.454001345,Level 1,Casual Driver
User_1095,Chevy Bolt,Chicago,5,Level 1,Long-Distance Traveler
User_1096,Nissan Leaf,New York,5,Level 1,Commuter
User_1097,BMW i3,Chicago,5,Level 2,Casual Driver
User_1098,Tesla Model 3,New York,5,Level 2,Commuter
User_1099,BMW i3,Los Angeles,1,Level 2,Long-Distance Traveler
User_1100,Nissan Leaf,Houston,5,Level 2,Long-Distance Traveler
User_1101,Hyundai Kona,Houston,1,Level 1,Commuter
User_1102,Tesla Model 3,Los Angeles,2,Level 1,Commuter
User_1103,Tesla Model 3,Chicago,0,Level 2,Casual Driver
User_1104,Chevy Bolt,Chicago,1,DC Fast Charger,Long-Distance Traveler
User_1105,Chevy Bolt,San Francisco,5,Level 1,Long-Distance Traveler
User_1106,Hyundai Kona,New York,6.664510336,DC Fast Charger,Long-Distance Traveler
User_1107,Tesla Model 3,Chicago,4,DC Fast Charger,Commuter
User_1108,Hyundai Kona,Los Angeles,5,DC Fast Charger,Long-Distance Traveler
User_1109,Chevy Bolt,Chicago,7,Level 2,Casual Driver
User_1110,Chevy Bolt,Houston,7,Level 1,Casual Driver
User_1111,Tesla Model 3,New York,7,DC Fast Charger,Commuter
User_1112,BMW i3,San Francisco,3,Level 2,Commuter
User_1113,Nissan Leaf,New York,5,Level 1,Casual Driver
User_1114,Chevy Bolt,Houston,6,Level 2,Commuter
User_1115,Chevy Bolt,Houston,7,Level 1,Commuter
User_1116,BMW i3,Houston,7,Level 1,Long-Distance Traveler
User_1117,BMW i3,Houston,5,Level 2,Casual Driver
User_1118,Hyundai Kona,Los Angeles,5,DC Fast Charger,Long-Distance Traveler
User_1119,Hyundai Kona,San Francisco,4,Level 1,Casual Driver
User_1120,Nissan Leaf,Houston,1,Level 1,Long-Distance Traveler
User_1121,Nissan Leaf,Houston,3,DC Fast Charger,Casual Driver
User_1122,Tesla Model 3,Chicago,6,Level 1,Casual Driver
User_1123,Hyundai Kona,San Francisco,5,DC Fast Charger,Casual Driver
User_1124,Chevy Bolt,New York,7,Level 1,Commuter
User_1125,Hyundai Kona,San Francisco,3,DC Fast Charger,Long-Distance Traveler
User_1126,Chevy Bolt,San Francisco,2,Level 1,Commuter
User_1127,BMW i3,San Francisco,7,Level 1,Commuter
User_1128,Hyundai Kona,Houston,5,Level 1,Casual Driver
User_1129,BMW i3,Houston,2,DC Fast Charger,Casual Driver
User_1130,Nissan Leaf,Los Angeles,3,Level 1,Commuter
User_1131,Nissan Leaf,New York,6,Level 2,Commuter
User_1132,Tesla Model 3,Chicago,4.435152229,Level 2,Commuter
User_1133,Hyundai Kona,San Francisco,6,Level 2,Casual Driver
User_1134,BMW i3,New York,0,Level 1,Casual Driver
User_1135,Chevy Bolt,New York,7,DC Fast Charger,Casual Driver
User_1136,Nissan Leaf,Los Angeles,2,DC Fast Charger,Long-Distance Traveler
User_1137,Nissan Leaf,Chicago,6,Level 1,Commuter
User_1138,Chevy Bolt,San Francisco,0,Level 2,Commuter
User_1139,BMW i3,Chicago,4,DC Fast Charger,Long-Distance Traveler
User_1140,BMW i3,Los Angeles,6,Level 1,Commuter
User_1141,Hyundai Kona,Houston,7,DC Fast Charger,Commuter
User_1142,Hyundai Kona,New York,0,Level 2,Commuter
User_1143,Tesla Model 3,San Francisco,4,Level 2,Long-Distance Traveler
User_1144,Nissan Leaf,Houston,1,DC Fast Charger,Long-Distance Traveler
User_1145,Hyundai Kona,Los Angeles,6,Level 1,Commuter
User_1146,BMW i3,Chicago,3,Level 1,Casual Driver
User_1147,Chevy Bolt,New York,5,DC Fast Charger,Commuter
User_1148,BMW i3,San Francisco,0,Level 2,Commuter
User_1149,Nissan Leaf,Houston,1,Level 1,Casual Driver
User_1150,BMW i3,Houston,2,DC Fast Charger,Commuter
User_1151,Tesla Model 3,New York,0,DC Fast Charger,Commuter
User_1152,Nissan Leaf,Chicago,2,Level 2,Long-Distance Traveler
User_1153,Chevy Bolt,Los Angeles,5,Level 2,Commuter
User_1154,Tesla Model 3,Chicago,6,Level 1,Casual Driver
User_1155,Nissan Leaf,Chicago,4,Level 1,Long-Distance Traveler
User_1156,Chevy Bolt,Chicago,5,Level 1,Long-Distance Traveler
User_1157,Tesla Model 3,New York,2,Level 2,Casual Driver
User_1158,Tesla Model 3,New York,6,DC Fast Charger,Casual Driver
User_1159,Nissan Leaf,Los Angeles,0,Level 1,Long-Distance Traveler
User_1160,Hyundai Kona,Chicago,1.41310713,Level 1,Commuter
User_1161,Tesla Model 3,New York,4.387500969,Level 1,Commuter
User_1162,Tesla Model 3,Los Angeles,6,DC Fast Charger,Long-Distance Traveler
User_1163,Chevy Bolt,Los Angeles,1,Level 1,Commuter
User_1164,BMW i3,Chicago,5,Level 1,Long-Distance Traveler
User_1165,Nissan Leaf,San Francisco,1,Level 2,Casual Driver
User_1166,Nissan Leaf,Chicago,6,Level 2,Commuter
User_1167,Hyundai Kona,San Francisco,4,Level 2,Commuter
User_1168,Hyundai Kona,Los Angeles,6,DC Fast Charger,Long-Distance Traveler
User_1169,Nissan Leaf,New York,5,Level 2,Long-Distance Traveler
User_1170,Hyundai Kona,Houston,4,Level 1,Commuter
User_1171,Chevy Bolt,Los Angeles,1,Level 1,Commuter
User_1172,Nissan Leaf,New York,5,DC Fast Charger,Commuter
User_1173,Hyundai Kona,Los Angeles,3,DC Fast Charger,Casual Driver
User_1174,Nissan Leaf,Chicago,1,Level 1,Commuter
User_1175,BMW i3,San Francisco,0,DC Fast Charger,Commuter
User_1176,Tesla Model 3,Los Angeles,1,Level 1,Long-Distance Traveler
User_1177,Nissan Leaf,New York,0,Level 2,Casual Driver
User_1178,Tesla Model 3,Chicago,4,Level 1,Long-Distance Traveler
User_1179,Hyundai Kona,Houston,3,DC Fast Charger,Commuter
User_1180,Tesla Model 3,Chicago,6,Level 2,Casual Driver
User_1181,Nissan Leaf,San Francisco,6,Level 1,Commuter
User_1182,BMW i3,Chicago,3,DC Fast Charger,Casual Driver
User_1183,Hyundai Kona,Houston,7,DC Fast Charger,Casual Driver
User_1184,Nissan Leaf,New York,3,Level 2,Casual Driver
User_1185,Hyundai Kona,Los Angeles,2,Level 1,Casual Driver
User_1186,Chevy Bolt,San Francisco,0,Level 1,Casual Driver
User_1187,Tesla Model 3,Houston,6,DC Fast Charger,Casual Driver
User_1188,Chevy Bolt,San Francisco,4.592278256,Level 2,Long-Distance Traveler
User_1189,Nissan Leaf,Chicago,2.077846517,Level 1,Long-Distance Traveler
User_1190,BMW i3,San Francisco,1,Level 2,Commuter
User_1191,Hyundai Kona,Houston,1,DC Fast Charger,Casual Driver
User_1192,Tesla Model 3,Los Angeles,7,Level 1,Casual Driver
User_1193,Hyundai Kona,Los Angeles,4,DC Fast Charger,Long-Distance Traveler
User_1194,Nissan Leaf,San Francisco,0,Level 1,Commuter
User_1195,Hyundai Kona,New York,5.352188076,DC Fast Charger,Commuter
User_1196,Tesla Model 3,San Francisco,2.396060329,Level 1,Long-Distance Traveler
User_1197,Nissan Leaf,Chicago,6,Level 2,Long-Distance Traveler
User_1198,Hyundai Kona,Los Angeles,3,Level 1,Casual Driver
User_1199,BMW i3,Los Angeles,3,Level 1,Long-Distance Traveler
User_1200,Nissan Leaf,Los Angeles,3,DC Fast Charger,Casual Driver
User_1201,Nissan Leaf,New York,4,Level 1,Commuter
User_1202,BMW i3,New York,7,Level 1,Casual Driver
User_1203,Chevy Bolt,Houston,3,Level 1,Long-Distance Traveler
User_1204,Tesla Model 3,San Francisco,2,DC Fast Charger,Casual Driver
User_1205,Chevy Bolt,San Francisco,3,Level 1,Casual Driver
User_1206,Hyundai Kona,Chicago,4,Level 2,Long-Distance Traveler
User_1207,BMW i3,Los Angeles,0,Level 2,Casual Driver
User_1208,Chevy Bolt,New York,2,DC Fast Charger,Commuter
User_1209,Nissan Leaf,Chicago,4,Level 1,Casual Driver
User_1210,Hyundai Kona,Chicago,5,DC Fast Charger,Long-Distance Traveler
User_1211,Hyundai Kona,New York,1,Level 1,Long-Distance Traveler
User_1212,Chevy Bolt,San Francisco,5,DC Fast Charger,Long-Distance Traveler
User_1213,Chevy Bolt,Los Angeles,1,Level 1,Casual Driver
User_1214,BMW i3,San Francisco,2,Level 1,Commuter
User_1215,Tesla Model 3,Chicago,4,DC Fast Charger,Long-Distance Traveler
User_1216,Chevy Bolt,Los Angeles,6,DC Fast Charger,Long-Distance Traveler
User_1217,Chevy Bolt,Houston,2,DC Fast Charger,Commuter
User_1218,Nissan Leaf,Chicago,7,Level 1,Long-Distance Traveler
User_1219,Hyundai Kona,San Francisco,7,DC Fast Charger,Casual Driver
User_1220,Tesla Model 3,San Francisco,5,Level 1,Long-Distance Traveler
User_1221,Nissan Leaf,San Francisco,0,Level 2,Long-Distance Traveler
User_1222,BMW i3,New York,0,Level 2,Casual Driver
User_1223,BMW i3,Chicago,3,Level 1,Commuter
User_1224,Chevy Bolt,Los Angeles,0,Level 1,Commuter
User_1225,Chevy Bolt,San Francisco,4,DC Fast Charger,Long-Distance Traveler
User_1226,BMW i3,San Francisco,5,Level 1,Casual Driver
User_1227,Chevy Bolt,New York,3,Level 1,Casual Driver
User_1228,Tesla Model 3,Los Angeles,3,Level 2,Commuter
User_1229,Chevy Bolt,Chicago,5,DC Fast Charger,Commuter
User_1230,Hyundai Kona,Houston,6,DC Fast Charger,Commuter
User_1231,Chevy Bolt,New York,7,Level 1,Casual Driver
User_1232,Nissan Leaf,Chicago,1,DC Fast Charger,Casual Driver
User_1233,Tesla Model 3,Houston,0,Level 2,Casual Driver
User_1234,Nissan Leaf,San Francisco,4,Level 2,Long-Distance Traveler
User_1235,Nissan Leaf,San Francisco,7,Level 2,Long-Distance Traveler
User_1236,Hyundai Kona,Los Angeles,4,Level 1,Commuter
User_1237,Tesla Model 3,Houston,1,Level 1,Commuter
User_1238,Tesla Model 3,San Francisco,5,Level 2,Long-Distance Traveler
User_1239,Tesla Model 3,San Francisco,7,Level 2,Long-Distance Traveler
User_1240,Tesla Model 3,Los Angeles,4,DC Fast Charger,Long-Distance Traveler
User_1241,Tesla Model 3,Chicago,3,DC Fast Charger,Long-Distance Traveler
User_1242,Hyundai Kona,San Francisco,3,DC Fast Charger,Commuter
User_1243,Chevy Bolt,New York,4,DC Fast Charger,Long-Distance Traveler
User_1244,Nissan Leaf,New York,4,Level 2,Long-Distance Traveler
User_1245,Tesla Model 3,Chicago,6,DC Fast Charger,Casual Driver
User_1246,Chevy Bolt,Houston,2.124835503,Level 2,Commuter
User_1247,Chevy Bolt,Los Angeles,2,Level 2,Commuter
User_1248,Nissan Leaf,New York,1,Level 1,Casual Driver
User_1249,Hyundai Kona,New York,3,DC Fast Charger,Commuter
User_1250,BMW i3,Chicago,5,Level 2,Commuter
User_1251,BMW i3,Houston,5,Level 1,Long-Distance Traveler
User_1252,Chevy Bolt,Houston,1,Level 1,Long-Distance Traveler
User_1253,Nissan Leaf,Chicago,3,Level 2,Commuter
User_1254,BMW i3,New York,7,Level 2,Casual Driver
User_1255,Chevy Bolt,Los Angeles,0,DC Fast Charger,Casual Driver
User_1256,Hyundai Kona,New York,4,DC Fast Charger,Commuter
User_1257,BMW i3,Houston,1,Level 2,Commuter
User_1258,Chevy Bolt,New York,6,Level 2,Commuter
User_1259,Chevy Bolt,Los Angeles,3,Level 1,Commuter
User_1260,Tesla Model 3,San Francisco,2,Level 1,Long-Distance Traveler
User_1261,Hyundai Kona,New York,4,Level 1,Long-Distance Traveler
User_1262,Tesla Model 3,Chicago,4,Level 1,Commuter
User_1263,Nissan Leaf,San Francisco,2,Level 1,Casual Driver
User_1264,Tesla Model 3,Chicago,4,DC Fast Charger,Long-Distance Traveler
User_1265,Tesla Model 3,Chicago,5,Level 1,Commuter
User_1266,BMW i3,Chicago,6.561021127,Level 2,Casual Driver
User_1267,Chevy Bolt,New York,3.224934966,DC Fast Charger,Long-Distance Traveler
User_1268,Hyundai Kona,Houston,0,Level 1,Long-Distance Traveler
User_1269,Tesla Model 3,San Francisco,7,Level 1,Commuter
User_1270,Hyundai Kona,Los Angeles,0.020155741,Level 1,Casual Driver
User_1271,Tesla Model 3,Houston,4,Level 2,Commuter
User_1272,Nissan Leaf,New York,7,Level 1,Long-Distance Traveler
User_1273,Tesla Model 3,Chicago,1,Level 2,Casual Driver
User_1274,BMW i3,Los Angeles,0,Level 2,Long-Distance Traveler
User_1275,Chevy Bolt,San Francisco,6,Level 1,Commuter
User_1276,Nissan Leaf,Houston,3,Level 1,Commuter
User_1277,Tesla Model 3,Houston,5,DC Fast Charger,Long-Distance Traveler
User_1278,Hyundai Kona,Los Angeles,0,DC Fast Charger,Commuter
User_1279,Nissan Leaf,New York,2,DC Fast Charger,Commuter
User_1280,Nissan Leaf,San Francisco,3,Level 2,Long-Distance Traveler
User_1281,Tesla Model 3,Los Angeles,7,Level 1,Casual Driver
User_1282,Nissan Leaf,Chicago,7,DC Fast Charger,Long-Distance Traveler
User_1283,Hyundai Kona,San Francisco,0.190046926,Level 2,Long-Distance Traveler
User_1284,Nissan Leaf,Houston,3,DC Fast Charger,Casual Driver
User_1285,Hyundai Kona,Los Angeles,5,DC Fast Charger,Commuter
User_1286,Tesla Model 3,Houston,7,Level 1,Casual Driver
User_1287,Chevy Bolt,Houston,6,Level 1,Long-Distance Traveler
User_1288,Nissan Leaf,Houston,1,Level 2,Casual Driver
User_1289,Chevy Bolt,New York,0,Level 1,Commuter
User_1290,Hyundai Kona,Houston,5,DC Fast Charger,Casual Driver
User_1291,Nissan Leaf,Chicago,4,Level 2,Casual Driver
User_1292,BMW i3,Chicago,0.845189621,Level 2,Long-Distance Traveler
User_1293,Chevy Bolt,San Francisco,5,Level 2,Casual Driver
User_1294,Nissan Leaf,Houston,2.928811331,Level 2,Long-Distance Traveler
User_1295,Chevy Bolt,Houston,6,Level 1,Commuter
User_1296,Nissan Leaf,Los Angeles,5,DC Fast Charger,Casual Driver
User_1297,Tesla Model 3,New York,7,Level 1,Casual Driver
User_1298,Chevy Bolt,San Francisco,7,Level 1,Long-Distance Traveler
User_1299,BMW i3,Houston,5,Level 2,Long-Distance Traveler
User_1300,BMW i3,Los Angeles,5,Level 1,Commuter
User_1301,Hyundai Kona,New York,3,Level 1,Long-Distance Traveler
User_1302,Nissan Leaf,San Francisco,3,DC Fast Charger,Long-Distance Traveler
User_1303,Chevy Bolt,San Francisco,3,Level 2,Commuter
User_1304,Hyundai Kona,Houston,5,Level 1,Long-Distance Traveler
User_1305,Chevy Bolt,San Francisco,6,Level 2,Long-Distance Traveler
User_1306,Nissan Leaf,Los Angeles,1,DC Fast Charger,Long-Distance Traveler
User_1307,BMW i3,San Francisco,5,Level 1,Long-Distance Traveler
User_1308,Tesla Model 3,Chicago,4,DC Fast Charger,Commuter
User_1309,BMW i3,Los Angeles,2,DC Fast Charger,Commuter
User_1310,Hyundai Kona,New York,5,Level 2,Long-Distance Traveler
User_1311,Tesla Model 3,New York,1,Level 2,Casual Driver
User_1312,Hyundai Kona,Houston,3,Level 2,Commuter
User_1313,Nissan Leaf,Houston,0,Level 1,Casual Driver
User_1314,Tesla Model 3,Chicago,3,Level 2,Long-Distance Traveler
User_1315,Hyundai Kona,New York,5,Level 1,Long-Distance Traveler
User_1316,Nissan Leaf,New York,7,DC Fast Charger,Commuter
User_1317,BMW i3,New York,4,Level 2,Casual Driver
User_1318,Nissan Leaf,New York,5,DC Fast Charger,Commuter
User_1319,Chevy Bolt,San Francisco,5,Level 2,Commuter
User_1320,Nissan Leaf,Los Angeles,5,DC Fast Charger,Commuter
